video_no,final_group,hook_title,caption,tags,char_1,jp_1,char_2,jp_2,char_3,jp_3,char_4,jp_4,char_5,jp_5,char_6,jp_6,char_7,jp_7,char_8,jp_8,char_9,jp_9,char_10,jp_10
001,aa,本地佬粤语正音: aa 韵篇,"呢 10 个 aa 韵常用字, 你平时有冇读错? 跟我一齐掌握标准粤拼! #粤语 #正音 #本地佬",#粤语 #正音 #本地佬 #Jyutping,下,haa6,丫,aa1,也,jaa5,叉,caa1,马,maa5,牙,ngaa4,瓦,ngaa5,化,faa3,巴,baa1,打,daa2
002,aa,本地佬粤语正音: aa 韵篇,"呢 10 个 aa 韵常用字, 你平时有冇读错? 跟我一齐掌握标准粤拼! #粤语 #正音 #本地佬",#粤语 #正音 #本地佬 #Jyutping,扒,paa4,卡,kaa1,叭,baa1,乍,zaa3,他,taa1,瓜,gwaa1,它,taa1,加,gaa1,亚,aa3,夸,kwaa1
003,aa,本地佬粤语正音: aa 韵篇,"呢 10 个 aa 韵常用字, 你平时有冇读错? 跟我一齐掌握标准粤拼! #粤语 #正音 #本地佬",#粤语 #正音 #本地佬 #Jyutping,划,waa1,吓,haa2,吗,maa1,华,waa4,讶,ngaa6,那,naa5,她,taa1,妈,maa1,玛,maa5,坝,baa3
004,aa,本地佬粤语正音: aa 韵篇,"呢 10 个 aa 韵常用字, 你平时有冇读错? 跟我一齐掌握标准粤拼! #粤语 #正音 #本地佬",#粤语 #正音 #本地佬 #Jyutping,把,baa2,芽,ngaa4,花,faa1,芭,baa1,呀,aa3,吧,baa6,岔,caa3,沙,saa1,诈,zaa3,阿,aa3
005,aa,本地佬粤语正音: aa 韵篇,"呢 10 个 aa 韵常用字, 你平时有冇读错? 跟我一齐掌握标准粤拼! #粤语 #正音 #本地佬",#粤语 #正音 #本地佬 #Jyutping,纱,saa1,卦,gwaa3,码,maa5,咋,zaa3,咖,gaa3,爬,paa4,爸,baa1,怕,paa3,话,waa6,驾,gaa3
006,aa,本地佬粤语正音: aa 韵篇,"呢 10 个 aa 韵常用字, 你平时有冇读错? 跟我一齐掌握标准粤拼! #粤语 #正音 #本地佬",#粤语 #正音 #本地佬 #Jyutping,挂,gwaa3,垮,kwaa1,挎,kwaa3,茬,caa4,茶,caa4,查,caa4,砂,saa1,耍,saa2,鸦,aa1,哇,waa1
007,aa,本地佬粤语正音: aa 韵篇,"呢 10 个 aa 韵常用字, 你平时有冇读错? 跟我一齐掌握标准粤拼! #粤语 #正音 #本地佬",#粤语 #正音 #本地佬 #Jyutping,哑,aa2,趴,paa1,虾,haa1,蚂,maa5,骂,maa6,哗,waa1,咱,zaa1,哈,haa1,哪,naa5,疤,baa1
008,aa,本地佬粤语正音: aa 韵篇,"呢 10 个 aa 韵常用字, 你平时有冇读错? 跟我一齐掌握标准粤拼! #粤语 #正音 #本地佬",#粤语 #正音 #本地佬 #Jyutping,差,caa1,炸,zaa3,娃,waa1,娜,naa4,架,gaa3,耙,paa4,桦,waa4,贾,gaa2,夏,haa6,啊,aa3
009,aa,本地佬粤语正音: aa 韵篇,"呢 10 个 aa 韵常用字, 你平时有冇读错? 跟我一齐掌握标准粤拼! #粤语 #正音 #本地佬",#粤语 #正音 #本地佬 #Jyutping,罢,baa6,拿,naa4,家,gaa1,啦,laa1,啥,saa2,假,gaa2,麻,maa4,厦,haa6,雅,ngaa5,喳,zaa1
010,aa,本地佬粤语正音: aa 韵篇,"呢 10 个 aa 韵常用字, 你平时有冇读错? 跟我一齐掌握标准粤拼! #粤语 #正音 #本地佬",#粤语 #正音 #本地佬 #Jyutping,喇,laa3,蛙,waa1,渣,zaa1,靶,baa2,暇,haa6,跨,kwaa3,衙,ngaa4,褂,gwaa3,嫁,gaa3,嘉,gaa1
011,aa,本地佬粤语正音: aa 韵篇,"呢 10 个 aa 韵常用字, 你平时有冇读错? 跟我一齐掌握标准粤拼! #粤语 #正音 #本地佬",#粤语 #正音 #本地佬 #Jyutping,榨,zaa3,蜡,zaa3,嘛,maa3,寡,gwaa2,稼,gaa3,鲨,saa1,蟆,maa4,霞,haa4,霸,baa3,,
012,ou,本地佬粤语正音: ou 韵篇,"呢 10 个 ou 韵常用字, 你平时有冇读错? 跟我一齐掌握标准粤拼! #粤语 #正音 #本地佬",#粤语 #正音 #本地佬 #Jyutping,刀,dou1,土,tou2,无,mou4,毛,mou4,布,bou3,戊,mou6,卢,lou4,号,hou6,叨,tou1,务,mou6
013,ou,本地佬粤语正音: ou 韵篇,"呢 10 个 ou 韵常用字, 你平时有冇读错? 跟我一齐掌握标准粤拼! #粤语 #正音 #本地佬",#粤语 #正音 #本地佬 #Jyutping,讨,tou2,奴,nou4,母,mou5,老,lou5,扫,sou3,早,zou2,吐,tou3,导,dou6,好,hou2,报,bou3
014,ou,本地佬粤语正音: ou 韵篇,"呢 10 个 ou 韵常用字, 你平时有冇读错? 跟我一齐掌握标准粤拼! #粤语 #正音 #本地佬",#粤语 #正音 #本地佬 #Jyutping,芜,mou4,芦,lou4,劳,lou4,苏,sou1,杜,dou6,巫,mou4,步,bou6,卤,lou5,告,gou3,皂,zou6
015,ou,本地佬粤语正音: ou 韵篇,"呢 10 个 ou 韵常用字, 你平时有冇读错? 跟我一齐掌握标准粤拼! #粤语 #正音 #本地佬",#粤语 #正音 #本地佬 #Jyutping,肚,tou5,岛,dou2,庐,lou4,灶,zou3,牢,lou4,补,bou2,诉,sou3,妒,dou3,努,nou5,驴,lou4
016,ou,本地佬粤语正音: ou 韵篇,"呢 10 个 ou 韵常用字, 你平时有冇读错? 跟我一齐掌握标准粤拼! #粤语 #正音 #本地佬",#粤语 #正音 #本地佬 #Jyutping,武,mou5,抱,pou5,拇,mou5,枣,zou2,到,dou3,虏,lou5,图,tou4,兔,tou3,炉,lou4,怖,bou3
017,ou,本地佬粤语正音: ou 韵篇,"呢 10 个 ou 韵常用字, 你平时有冇读错? 跟我一齐掌握标准粤拼! #粤语 #正音 #本地佬",#粤语 #正音 #本地佬 #Jyutping,宝,bou2,姆,mou5,组,zou2,草,cou2,冒,mou6,保,bou2,侮,mou5,逃,tou4,度,dou6,恼,nou5
018,ou,本地佬粤语正音: ou 韵篇,"呢 10 个 ou 韵常用字, 你平时有冇读错? 跟我一齐掌握标准粤拼! #粤语 #正音 #本地佬",#粤语 #正音 #本地佬 #Jyutping,诬,mou4,袄,ou2,祖,zou2,姥,lou5,怒,nou6,蚤,zou2,耗,hou3,素,sou3,捕,bou6,都,dou1
019,ou,本地佬粤语正音: ou 韵篇,"呢 10 个 ou 韵常用字, 你平时有冇读错? 跟我一齐掌握标准粤拼! #粤语 #正音 #本地佬",#粤语 #正音 #本地佬 #Jyutping,捣,dou2,桃,tou4,套,tou3,唠,lou4,哺,bou6,圃,pou2,赂,lou6,造,zou6,租,zou1,倒,dou2
020,ou,本地佬粤语正音: ou 韵篇,"呢 10 个 ou 韵常用字, 你平时有冇读错? 跟我一齐掌握标准粤拼! #粤语 #正音 #本地佬",#粤语 #正音 #本地佬 #Jyutping,徒,tou4,途,tou4,脑,nou5,高,gou1,部,bou6,羔,gou1,涛,tou4,涝,lou6,浦,pou2,浩,hou6
021,ou,本地佬粤语正音: ou 韵篇,"呢 10 个 ou 韵常用字, 你平时有冇读错? 跟我一齐掌握标准粤拼! #粤语 #正音 #本地佬",#粤语 #正音 #本地佬 #Jyutping,涂,tou4,袍,pou4,陶,tou4,堵,dou2,措,cou3,掏,tou4,萄,tou4,菩,pou4,曹,cou4,颅,lou4
022,ou,本地佬粤语正音: ou 韵篇,"呢 10 个 ou 韵常用字, 你平时有冇读错? 跟我一齐掌握标准粤拼! #粤语 #正音 #本地佬",#粤语 #正音 #本地佬 #Jyutping,做,zou6,毫,hou4,盗,dou6,粗,cou1,淘,tou4,悼,dou6,祷,tou2,屠,tou4,搔,sou1,募,mou6
023,ou,本地佬粤语正音: ou 韵篇,"呢 10 个 ou 韵常用字, 你平时有冇读错? 跟我一齐掌握标准粤拼! #粤语 #正音 #本地佬",#粤语 #正音 #本地佬 #Jyutping,葡,pou4,酥,sou1,帽,mou2,赌,dou2,铺,pou1,傲,ngou6,堡,bou2,皓,hou6,奥,ou3,鲁,lou5
024,ou,本地佬粤语正音: ou 韵篇,"呢 10 个 ou 韵常用字, 你平时有冇读错? 跟我一齐掌握标准粤拼! #粤语 #正音 #本地佬",#粤语 #正音 #本地佬 #Jyutping,普,pou2,道,dou6,渡,dou6,嫂,sou2,骚,sou1,鹉,mou5,瑙,nou5,墓,mou6,蒲,pou4,雾,mou6
025,ou,本地佬粤语正音: ou 韵篇,"呢 10 个 ou 韵常用字, 你平时有冇读错? 跟我一齐掌握标准粤拼! #粤语 #正音 #本地佬",#粤语 #正音 #本地佬 #Jyutping,睹,dou2,路,lou6,数,sou3,塑,sou3,滔,tou1,溯,sou3,熬,ngou4,慕,mou6,暮,mou6,摹,mou4
026,ou,本地佬粤语正音: ou 韵篇,"呢 10 个 ou 韵常用字, 你平时有冇读错? 跟我一齐掌握标准粤拼! #粤语 #正音 #本地佬",#粤语 #正音 #本地佬 #Jyutping,模,mou4,遭,zou1,镀,dou6,舞,mou5,豪,hou4,膏,gou1,谱,pou2,槽,cou4,醋,cou3,暴,bou6
027,ou,本地佬粤语正音: ou 韵篇,"呢 10 个 ou 韵常用字, 你平时有冇读错? 跟我一齐掌握标准粤拼! #粤语 #正音 #本地佬",#粤语 #正音 #本地佬 #Jyutping,镐,gou2,稻,dou6,稿,gou2,褒,bou1,澳,ou3,懊,ou3,操,cou1,噪,cou3,糙,cou3,糕,gou1
028,ou,本地佬粤语正音: ou 韵篇,"呢 10 个 ou 韵常用字, 你平时有冇读错? 跟我一齐掌握标准粤拼! #粤语 #正音 #本地佬",#粤语 #正音 #本地佬 #Jyutping,澡,cou3,蹈,dou6,嚎,hou4,臊,sou1,糟,zou1,燥,cou3,藻,zou2,簿,bou2,躁,cou3,露,lou6
029,au,本地佬粤语正音: au 韵篇,"呢 10 个 au 韵常用字, 你平时有冇读错? 跟我一齐掌握标准粤拼! #粤语 #正音 #本地佬",#粤语 #正音 #本地佬 #Jyutping,九,gau2,又,jau6,口,hau2,久,gau2,友,jau5,尤,jau4,牛,ngau4,手,sau2,仇,sau4,勾,ngau1
030,au,本地佬粤语正音: au 韵篇,"呢 10 个 au 韵常用字, 你平时有冇读错? 跟我一齐掌握标准粤拼! #粤语 #正音 #本地佬",#粤语 #正音 #本地佬 #Jyutping,斗,dau2,丑,cau2,右,jau6,旧,gau6,由,jau4,叩,kau3,囚,cau4,丘,jau1,头,tau4,纠,gau2
031,au,本地佬粤语正音: au 韵篇,"呢 10 个 au 韵常用字, 你平时有冇读错? 跟我一齐掌握标准粤拼! #粤语 #正音 #本地佬",#粤语 #正音 #本地佬 #Jyutping,幼,jau3,扣,kau3,朽,nau2,有,jau5,休,jau1,优,jau1,臼,kau5,后,hau6,舟,zau1,刘,lau4
032,au,本地佬粤语正音: au 韵篇,"呢 10 个 au 韵常用字, 你平时有冇读错? 跟我一齐掌握标准粤拼! #粤语 #正音 #本地佬",#粤语 #正音 #本地佬 #Jyutping,州,zau1,守,sau2,收,sau1,寿,sau6,玖,gau2,抠,kau1,走,zau2,投,tau4,抖,dau2,扭,nau2
033,au,本地佬粤语正音: au 韵篇,"呢 10 个 au 韵常用字, 你平时有冇读错? 跟我一齐掌握标准粤拼! #粤语 #正音 #本地佬",#粤语 #正音 #本地佬 #Jyutping,求,kau4,豆,dau2,酉,jau5,否,fau2,呕,au2,邮,jau4,秀,sau3,佑,jau6,犹,jau4,灸,gau3
034,au,本地佬粤语正音: au 韵篇,"呢 10 个 au 韵常用字, 你平时有冇读错? 跟我一齐掌握标准粤拼! #粤语 #正音 #本地佬",#粤语 #正音 #本地佬 #Jyutping,亩,mau5,沟,kau1,忧,jau1,究,gau3,纽,nau2,抽,cau1,茂,mau6,苟,gau2,构,kau3,欧,au1
035,au,本地佬粤语正音: au 韵篇,"呢 10 个 au 韵常用字, 你平时有冇读错? 跟我一齐掌握标准粤拼! #粤语 #正音 #本地佬",#粤语 #正音 #本地佬 #Jyutping,殴,au2,咒,zau3,购,gau3,受,sau6,周,zau1,狗,gau2,疚,gau3,油,jau4,宙,zau6,帚,zau2
036,au,本地佬粤语正音: au 韵篇,"呢 10 个 au 韵常用字, 你平时有冇读错? 跟我一齐掌握标准粤拼! #粤语 #正音 #本地佬",#粤语 #正音 #本地佬 #Jyutping,陋,lau6,奏,zau3,垢,gau3,某,mau5,柳,lau5,厚,hau5,鸥,au1,韭,gau2,幽,jau1,钩,ngau1
037,au,本地佬粤语正音: au 韵篇,"呢 10 个 au 韵常用字, 你平时有冇读错? 跟我一齐掌握标准粤拼! #粤语 #正音 #本地佬",#粤语 #正音 #本地佬 #Jyutping,钮,nau2,秋,cau1,修,sau1,侯,hau4,贸,mau6,娄,lau4,首,sau2,浏,lau4,洲,zau1,诱,jau5
038,au,本地佬粤语正音: au 韵篇,"呢 10 个 au 韵常用字, 你平时有冇读错? 跟我一齐掌握标准粤拼! #粤语 #正音 #本地佬",#粤语 #正音 #本地佬 #Jyutping,昼,zau3,陡,dau2,柔,jau4,逗,dau6,蚪,dau2,透,tau3,候,hau6,臭,cau3,留,lau4,皱,zau3
039,au,本地佬粤语正音: au 韵篇,"呢 10 个 au 韵常用字, 你平时有冇读错? 跟我一齐掌握标准粤拼! #粤语 #正音 #本地佬",#粤语 #正音 #本地佬 #Jyutping,剖,fau2,羞,sau1,酒,zau2,浮,fau4,流,lau4,袖,zau6,绣,sau3,球,kau4,琉,lau4,埠,fau6
040,au,本地佬粤语正音: au 韵篇,"呢 10 个 au 韵常用字, 你平时有冇读错? 跟我一齐掌握标准粤拼! #粤语 #正音 #本地佬",#粤语 #正音 #本地佬 #Jyutping,授,sau6,救,gau3,蚯,jau1,悠,jau4,偶,ngau5,偷,tau1,售,sau6,兜,dau1,够,gau3,凑,cau3
041,au,本地佬粤语正音: au 韵篇,"呢 10 个 au 韵常用字, 你平时有冇读错? 跟我一齐掌握标准粤拼! #粤语 #正音 #本地佬",#粤语 #正音 #本地佬 #Jyutping,兽,sau3,寇,kau3,谋,mau4,绸,cau4,揍,zau3,揪,zau1,搜,sau2,搂,lau1,揉,jau4,硫,lau4
042,au,本地佬粤语正音: au 韵篇,"呢 10 个 au 韵常用字, 你平时有冇读错? 跟我一齐掌握标准粤拼! #粤语 #正音 #本地佬",#粤语 #正音 #本地佬 #Jyutping,畴,cau4,喉,hau4,锈,sau3,猴,hau4,就,zau6,痘,dau6,游,jau4,楼,lau4,酬,cau4,嗅,cau3
043,au,本地佬粤语正音: au 韵篇,"呢 10 个 au 韵常用字, 你平时有冇读错? 跟我一齐掌握标准粤拼! #粤语 #正音 #本地佬",#粤语 #正音 #本地佬 #Jyutping,稠,cau4,愁,sau4,筹,cau4,舅,kau5,馏,lau6,溜,lau6,谬,mau6,榴,lau4,瞅,cau2,嗽,sau3
044,au,本地佬粤语正音: au 韵篇,"呢 10 个 au 韵常用字, 你平时有冇读错? 跟我一齐掌握标准粤拼! #粤语 #正音 #本地佬",#粤语 #正音 #本地佬 #Jyutping,瘦,sau3,漱,sau3,漏,lau6,篓,lau5,艘,sau2,瘤,lau2,蹂,jau4,藕,ngau5,,,,
045,aai,本地佬粤语正音: aai 韵篇,"呢 10 个 aai 韵常用字, 你平时有冇读错? 跟我一齐掌握标准粤拼! #粤语 #正音 #本地佬",#粤语 #正音 #本地佬 #Jyutping,乃,naai5,大,daai6,太,taai3,歹,daai2,介,gaai3,艾,ngaai6,奶,naai5,迈,maai6,价,gaai3,阶,gaai1
046,aai,本地佬粤语正音: aai 韵篇,"呢 10 个 aai 韵常用字, 你平时有冇读错? 跟我一齐掌握标准粤拼! #粤语 #正音 #本地佬",#粤语 #正音 #本地佬 #Jyutping,买,maai5,戒,gaai3,块,faai3,芥,gaai3,尬,gaai3,汰,taai3,怀,waai4,快,faai3,拐,gwaai2,拉,laai1
047,aai,本地佬粤语正音: aai 韵篇,"呢 10 个 aai 韵常用字, 你平时有冇读错? 跟我一齐掌握标准粤拼! #粤语 #正音 #本地佬",#粤语 #正音 #本地佬 #Jyutping,卖,maai6,态,taai3,哎,aai1,败,baai6,乖,gwaai1,佳,gaai1,怪,gwaai3,届,gaai3,带,daai3,歪,waai1
048,aai,本地佬粤语正音: aai 韵篇,"呢 10 个 aai 韵常用字, 你平时有冇读错? 跟我一齐掌握标准粤拼! #粤语 #正音 #本地佬",#粤语 #正音 #本地佬 #Jyutping,皆,gaai1,界,gaai3,拜,baai3,贷,taai3,派,paai3,诫,gaai3,孩,haai4,骇,haai5,泰,taai3,埋,maai4
049,aai,本地佬粤语正音: aai 韵篇,"呢 10 个 aai 韵常用字, 你平时有冇读错? 跟我一齐掌握标准粤拼! #粤语 #正音 #本地佬",#粤语 #正音 #本地佬 #Jyutping,埃,aai1,挨,aai1,柴,caai4,晒,saai3,债,zaai3,豺,caai4,斋,zaai1,排,paai4,械,haai6,崖,ngaai4
050,aai,本地佬粤语正音: aai 韵篇,"呢 10 个 aai 韵常用字, 你平时有冇读错? 跟我一齐掌握标准粤拼! #粤语 #正音 #本地佬",#粤语 #正音 #本地佬 #Jyutping,秸,gaai1,徙,saai2,猜,caai1,涯,ngaai4,淮,waai4,谐,haai4,揩,haai1,牌,paai4,街,gaai1,湃,baai3
051,aai,本地佬粤语正音: aai 韵篇,"呢 10 个 aai 韵常用字, 你平时有冇读错? 跟我一齐掌握标准粤拼! #粤语 #正音 #本地佬",#粤语 #正音 #本地佬 #Jyutping,隘,aai3,摆,baai2,楷,kaai2,槐,waai4,赖,laai6,筷,faai3,解,gaai2,寨,zaai6,鞋,haai4,踩,caai2
052,aak,本地佬粤语正音: aak 韵篇,"呢 10 个 aak 韵常用字, 你平时有冇读错? 跟我一齐掌握标准粤拼! #粤语 #正音 #本地佬",#粤语 #正音 #本地佬 #Jyutping,白,baak6,册,caak3,百,baak3,宅,zaak6,伯,baak3,责,zaak3,拍,paak3,拆,caak3,择,zaak6,或,waak6
053,aak,本地佬粤语正音: aak 韵篇,"呢 10 个 aak 韵常用字, 你平时有冇读错? 跟我一齐掌握标准粤拼! #粤语 #正音 #本地佬",#粤语 #正音 #本地佬 #Jyutping,画,waak6,帕,paak3,泊,paak3,泽,zaak6,革,gaak3,柏,paak3,栅,caak3,客,haak3,格,gaak3,贼,caak3
054,aak,本地佬粤语正音: aak 韵篇,"呢 10 个 aak 韵常用字, 你平时有冇读错? 跟我一齐掌握标准粤拼! #粤语 #正音 #本地佬",#粤语 #正音 #本地佬 #Jyutping,胳,gaak3,窄,zaak3,掷,zaak6,啪,paak1,握,aak1,惑,waak6,掰,maak3,策,caak3,隔,gaak3,赫,haak1
055,aam,本地佬粤语正音: aam 韵篇,"呢 10 个 aam 韵常用字, 你平时有冇读错? 跟我一齐掌握标准粤拼! #粤语 #正音 #本地佬",#粤语 #正音 #本地佬 #Jyutping,三,saam1,杉,caam3,男,naam4,担,daam1,斩,zaam2,岩,ngaam4,贪,taam1,衫,saam1,函,haam4,叁,saam1
056,aam,本地佬粤语正音: aam 韵篇,"呢 10 个 aam 韵常用字, 你平时有冇读错? 跟我一齐掌握标准粤拼! #粤语 #正音 #本地佬",#粤语 #正音 #本地佬 #Jyutping,参,caam1,南,naam4,咸,haam4,览,laam5,眨,zaam2,胆,daam2,蚕,caam4,耽,daam1,监,gaam1,舰,laam6
057,aam,本地佬粤语正音: aam 韵篇,"呢 10 个 aam 韵常用字, 你平时有冇读错? 跟我一齐掌握标准粤拼! #粤语 #正音 #本地佬",#粤语 #正音 #本地佬 #Jyutping,站,zaam6,谈,taam4,陷,haam6,探,taam3,掺,caam1,婪,laam4,崭,zaam2,衔,haam4,馅,haam2,减,gaam2
058,aam,本地佬粤语正音: aam 韵篇,"呢 10 个 aam 韵常用字, 你平时有冇读错? 跟我一齐掌握标准粤拼! #粤语 #正音 #本地佬",#粤语 #正音 #本地佬 #Jyutping,淡,daam6,涵,haam4,惭,caam4,惨,caam2,揽,laam5,搀,caam1,暂,zaam6,喊,haam3,氮,daam6,馋,caam4
059,aam,本地佬粤语正音: aam 韵篇,"呢 10 个 aam 韵常用字, 你平时有冇读错? 跟我一齐掌握标准粤拼! #粤语 #正音 #本地佬",#粤语 #正音 #本地佬 #Jyutping,缆,laam6,蓝,laam4,榄,laam5,尴,gaam1,鉴,gaam3,痰,taam4,滥,laam6,槛,laam6,谭,taam4,橄,gaam3
060,aan,本地佬粤语正音: aan 韵篇,"呢 10 个 aan 韵常用字, 你平时有冇读错? 跟我一齐掌握标准粤拼! #粤语 #正音 #本地佬",#粤语 #正音 #本地佬 #Jyutping,万,maan6,山,saan1,凡,faan4,反,faan2,丹,daan1,办,baan6,幻,waan6,旦,daan3,叹,taan3,犯,faan6
061,aan,本地佬粤语正音: aan 韵篇,"呢 10 个 aan 韵常用字, 你平时有冇读错? 跟我一齐掌握标准粤拼! #粤语 #正音 #本地佬",#粤语 #正音 #本地佬 #Jyutping,兰,laan4,帆,faan4,伞,saan3,产,caan2,关,gwaan1,奸,gaan1,坛,taan4,扳,paan1,扮,baan6,还,waan4
062,aan,本地佬粤语正音: aan 韵篇,"呢 10 个 aan 韵常用字, 你平时有冇读错? 跟我一齐掌握标准粤拼! #粤语 #正音 #本地佬",#粤语 #正音 #本地佬 #Jyutping,但,daan6,返,faan2,删,saan1,饭,faan6,闲,haan4,间,gaan1,灿,caan3,泛,faan3,玩,waan2,环,waan4
063,aan,本地佬粤语正音: aan 韵篇,"呢 10 个 aan 韵常用字, 你平时有冇读错? 跟我一齐掌握标准粤拼! #粤语 #正音 #本地佬",#粤语 #正音 #本地佬 #Jyutping,拣,gaan2,坦,taan2,拦,laan4,范,faan6,板,baan2,矾,faan4,贩,faan3,版,baan2,单,daan1,诞,daan3
064,aan,本地佬粤语正音: aan 韵篇,"呢 10 个 aan 韵常用字, 你平时有冇读错? 跟我一齐掌握标准粤拼! #粤语 #正音 #本地佬",#粤语 #正音 #本地佬 #Jyutping,限,haan6,艰,gaan1,珊,saan1,拴,saan1,茧,gaan2,栈,zaan6,栏,laan4,柬,gaan2,残,caan4,盼,paan3
065,aan,本地佬粤语正音: aan 韵篇,"呢 10 个 aan 韵常用字, 你平时有冇读错? 跟我一齐掌握标准粤拼! #粤语 #正音 #本地佬",#粤语 #正音 #本地佬 #Jyutping,炭,taan3,弯,waan1,烂,laan6,宦,waan6,班,baan1,顽,waan4,盏,zaan2,挽,waan5,栓,saan1,颁,baan1
066,aan,本地佬粤语正音: aan 韵篇,"呢 10 个 aan 韵常用字, 你平时有冇读错? 跟我一齐掌握标准粤拼! #粤语 #正音 #本地佬",#粤语 #正音 #本地佬 #Jyutping,烦,faan4,涧,gaan3,难,naan4,眼,ngaan5,曼,maan6,晚,maan5,患,waan6,铲,caan2,涮,saan3,惯,gwaan3
067,aan,本地佬粤语正音: aan 韵篇,"呢 10 个 aan 韵常用字, 你平时有冇读错? 跟我一齐掌握标准粤拼! #粤语 #正音 #本地佬",#粤语 #正音 #本地佬 #Jyutping,弹,daan6,蛋,daan2,绽,zaan6,斑,baan1,散,saan3,雁,ngaan6,毯,taan2,番,faan1,蛮,maan4,湾,waan1
068,aan,本地佬粤语正音: aan 韵篇,"呢 10 个 aan 韵常用字, 你平时有冇读错? 跟我一齐掌握标准粤拼! #粤语 #正音 #本地佬",#粤语 #正音 #本地佬 #Jyutping,摊,taan1,简,gaan2,滩,taan1,蔓,maan6,碱,gaan2,碳,taan3,赚,zaan6,馒,maan6,漫,maan6,慢,maan6
069,aan,本地佬粤语正音: aan 韵篇,"呢 10 个 aan 韵常用字, 你平时有冇读错? 跟我一齐掌握标准粤拼! #粤语 #正音 #本地佬",#粤语 #正音 #本地佬 #Jyutping,撰,zaan6,瘫,taan1,颜,ngaan4,澜,laan4,餐,caan1,赞,zaan3,篡,saan3,懒,laan5,檀,taan4,繁,faan4
070,aang,本地佬粤语正音: aang 韵篇,"呢 10 个 aang 韵常用字, 你平时有冇读错? 跟我一齐掌握标准粤拼! #粤语 #正音 #本地佬",#粤语 #正音 #本地佬 #Jyutping,生,saang1,行,haang4,坑,haang1,冷,laang5,盲,maang4,孟,maang6,省,saang2,胜,saang1,耕,gaang1,框,kwaang1
071,aang,本地佬粤语正音: aang 韵篇,"呢 10 个 aang 韵常用字, 你平时有冇读错? 跟我一齐掌握标准粤拼! #粤语 #正音 #本地佬",#粤语 #正音 #本地佬 #Jyutping,逛,kwaang3,眶,kwaang1,猛,maang5,烹,paang1,彭,paang4,棒,paang5,棚,paang4,硬,ngaang6,锰,maang5,鹏,paang4
072,aang,本地佬粤语正音: aang 韵篇,"呢 10 个 aang 韵常用字, 你平时有冇读错? 跟我一齐掌握标准粤拼! #粤语 #正音 #本地佬",#粤语 #正音 #本地佬 #Jyutping,撑,caang3,横,waang4,澎,paang4,橙,caang2,膨,paang4,,,,,,,,,,
073,aap,本地佬粤语正音: aap 韵篇,"呢 10 个 aap 韵常用字, 你平时有冇读错? 跟我一齐掌握标准粤拼! #粤语 #正音 #本地佬",#粤语 #正音 #本地佬 #Jyutping,习,zaap6,甲,gaap3,立,laap6,圾,saap3,夹,gaap3,杂,zaap6,匣,haap6,呐,naap6,纳,naap6,垃,laap6
074,aap,本地佬粤语正音: aap 韵篇,"呢 10 个 aap 韵常用字, 你平时有冇读错? 跟我一齐掌握标准粤拼! #粤语 #正音 #本地佬",#粤语 #正音 #本地佬 #Jyutping,闸,zaap6,峡,haap6,钠,naap6,狭,haap6,砸,zaap3,鸭,aap3,钾,gaap3,掐,haap3,袭,zaap6,塔,taap3
075,aap,本地佬粤语正音: aap 韵篇,"呢 10 个 aap 韵常用字, 你平时有冇读错? 跟我一齐掌握标准粤拼! #粤语 #正音 #本地佬",#粤语 #正音 #本地佬 #Jyutping,搭,daap3,插,caap3,颊,gaap3,答,daap3,集,zaap6,塌,taap3,瘩,daap3,踏,daap6,霎,saap3,蹋,daap6
076,aat,本地佬粤语正音: aat 韵篇,"呢 10 个 aat 韵常用字, 你平时有冇读错? 跟我一齐掌握标准粤拼! #粤语 #正音 #本地佬",#粤语 #正音 #本地佬 #Jyutping,八,baat3,扎,zaat3,轧,aat3,发,faat3,压,aat3,杀,saat3,押,aat3,刮,gwaat3,刹,saat3,法,faat3
077,aat,本地佬粤语正音: aat 韵篇,"呢 10 个 aat 韵常用字, 你平时有冇读错? 跟我一齐掌握标准粤拼! #粤语 #正音 #本地佬",#粤语 #正音 #本地佬 #Jyutping,刷,caat3,挖,waat3,捌,baat3,捺,naat6,萨,saat3,遏,aat3,猾,waat6,滑,waat6,煞,saat3,辣,laat6
078,aau,本地佬粤语正音: aau 韵篇,"呢 10 个 aau 韵常用字, 你平时有冇读错? 跟我一齐掌握标准粤拼! #粤语 #正音 #本地佬",#粤语 #正音 #本地佬 #Jyutping,爪,zaau2,巧,haau2,卯,maau5,包,baau1,矛,maau4,考,haau2,交,gaau1,找,zaau2,抄,caau1,抓,zaau2
079,aau,本地佬粤语正音: aau 韵篇,"呢 10 个 aau 韵常用字, 你平时有冇读错? 跟我一齐掌握标准粤拼! #粤语 #正音 #本地佬",#粤语 #正音 #本地佬 #Jyutping,孝,haau3,抛,paau1,吵,caau2,吼,haau1,牡,maau5,肘,zaau2,刨,paau4,拗,aau2,苞,baau1,茅,maau4
080,aau,本地佬粤语正音: aau 韵篇,"呢 10 个 aau 韵常用字, 你平时有冇读错? 跟我一齐掌握标准粤拼! #粤语 #正音 #本地佬",#粤语 #正音 #本地佬 #Jyutping,肴,ngaau4,饱,baau2,郊,gaau1,闹,naau6,炒,caau2,泡,paau1,拷,haau1,挠,naau4,咬,ngaau5,钞,caau1
081,aau,本地佬粤语正音: aau 韵篇,"呢 10 个 aau 韵常用字, 你平时有冇读错? 跟我一齐掌握标准粤拼! #粤语 #正音 #本地佬",#粤语 #正音 #本地佬 #Jyutping,胞,baau1,狡,gaau2,饺,gaau2,炮,paau3,绞,gaau2,捞,laau4,捎,saau1,校,haau6,较,gaau3,哮,haau1
082,aau,本地佬粤语正音: aau 韵篇,"呢 10 个 aau 韵常用字, 你平时有冇读错? 跟我一齐掌握标准粤拼! #粤语 #正音 #本地佬",#粤语 #正音 #本地佬 #Jyutping,哨,saau3,豹,paau3,胶,gaau1,效,haau6,烤,haau1,教,gaau3,梢,saau1,铐,kaau3,猫,maau1,淆,ngaau4
083,aau,本地佬粤语正音: aau 韵篇,"呢 10 个 aau 韵常用字, 你平时有冇读错? 跟我一齐掌握标准粤拼! #粤语 #正音 #本地佬",#粤语 #正音 #本地佬 #Jyutping,巢,caau4,搅,gaau2,跑,paau2,稍,saau2,窖,gaau3,搞,gaau2,跤,gaau1,罩,zaau3,锚,naau4,鲍,baau1
084,aau,本地佬粤语正音: aau 韵篇,"呢 10 个 aau 韵常用字, 你平时有冇读错? 跟我一齐掌握标准粤拼! #粤语 #正音 #本地佬",#粤语 #正音 #本地佬 #Jyutping,酵,haau1,貌,maau6,敲,haau1,嘲,zaau1,靠,kaau3,骤,zaau6,爆,baau3,,,,,,
085,ai,本地佬粤语正音: ai 韵篇,"呢 10 个 ai 韵常用字, 你平时有冇读错? 跟我一齐掌握标准粤拼! #粤语 #正音 #本地佬",#粤语 #正音 #本地佬 #Jyutping,亏,kwai1,卫,wai6,艺,ngai6,币,bai6,为,wai4,计,gai3,卉,wai2,世,sai3,厉,lai6,归,gwai1
086,ai,本地佬粤语正音: ai 韵篇,"呢 10 个 ai 韵常用字, 你平时有冇读错? 跟我一齐掌握标准粤拼! #粤语 #正音 #本地佬",#粤语 #正音 #本地佬 #Jyutping,仔,zai2,礼,lai5,西,sai1,达,dai3,轨,gwai2,伟,wai5,伪,ngai6,危,ngai4,齐,cai4,闭,bai3
087,ai,本地佬粤语正音: ai 韵篇,"呢 10 个 ai 韵常用字, 你平时有冇读错? 跟我一齐掌握标准粤拼! #粤语 #正音 #本地佬",#粤语 #正音 #本地佬 #Jyutping,米,mai5,讳,wai5,违,wai4,批,pai1,苇,wai5,丽,lai6,医,ai3,励,lai6,吠,fai6,围,wai4
088,ai,本地佬粤语正音: ai 韵篇,"呢 10 个 ai 韵常用字, 你平时有冇读错? 跟我一齐掌握标准粤拼! #粤语 #正音 #本地佬",#粤语 #正音 #本地佬 #Jyutping,体,tai2,低,dai1,位,wai6,龟,gwai1,系,hai6,弟,dai6,启,kai2,际,zai3,鸡,gai1,纬,wai5
089,ai,本地佬粤语正音: ai 韵篇,"呢 10 个 ai 韵常用字, 你平时有冇读错? 跟我一齐掌握标准粤拼! #粤语 #正音 #本地佬",#粤语 #正音 #本地佬 #Jyutping,规,kwai1,抵,dai2,势,sai3,妻,cai1,制,zai3,季,gwai3,委,wai2,例,lai6,肺,fai3,底,dai2
090,ai,本地佬粤语正音: ai 韵篇,"呢 10 个 ai 韵常用字, 你平时有冇读错? 跟我一齐掌握标准粤拼! #粤语 #正音 #本地佬",#粤语 #正音 #本地佬 #Jyutping,剂,zai1,废,fai3,泥,nai4,沸,fai3,诡,gwai2,隶,dai6,屉,tai3,细,sai3,驶,sai2,契,kai3
091,ai,本地佬粤语正音: ai 韵篇,"呢 10 个 ai 韵常用字, 你平时有冇读错? 跟我一齐掌握标准粤拼! #粤语 #正音 #本地佬",#粤语 #正音 #本地佬 #Jyutping,拽,jai6,挤,zai1,挥,fai1,荔,lai6,威,wai1,砌,cai3,畏,wai3,胃,wai6,贵,gwai3,蚁,ngai5
092,ai,本地佬粤语正音: ai 韵篇,"呢 10 个 ai 韵常用字, 你平时有冇读错? 跟我一齐掌握标准粤拼! #粤语 #正音 #本地佬",#粤语 #正音 #本地佬 #Jyutping,咪,mai5,鬼,gwai2,帝,dai3,闺,gwai1,迷,mai4,剃,tai3,洼,gwai1,洒,sai2,洗,sai2,济,zai3
093,ai,本地佬粤语正音: ai 韵篇,"呢 10 个 ai 韵常用字, 你平时有冇读错? 跟我一齐掌握标准粤拼! #粤语 #正音 #本地佬",#粤语 #正音 #本地佬 #Jyutping,费,fai3,癸,gwai3,逝,sai6,桂,gwai3,栖,cai1,毙,bai6,唉,ai1,凄,cai1,递,dai6,涕,tai3
094,ai,本地佬粤语正音: ai 韵篇,"呢 10 个 ai 韵常用字, 你平时有冇读错? 跟我一齐掌握标准粤拼! #粤语 #正音 #本地佬",#粤语 #正音 #本地佬 #Jyutping,继,gai3,萎,wai2,梯,tai1,硅,gwai1,盔,kwai1,眯,mai5,唯,wai4,帷,wai4,犁,lai4,秽,wai3
095,ai,本地佬粤语正音: ai 韵篇,"呢 10 个 ai 韵常用字, 你平时有冇读错? 跟我一齐掌握标准粤拼! #粤语 #正音 #本地佬",#粤语 #正音 #本地佬 #Jyutping,第,dai6,祭,zai3,惟,wai4,谓,wai6,谜,mai4,逮,dai6,尉,wai3,维,wai4,替,tai3,堤,tai4
096,ai,本地佬粤语正音: ai 韵篇,"呢 10 个 ai 韵常用字, 你平时有冇读错? 跟我一齐掌握标准粤拼! #粤语 #正音 #本地佬",#粤语 #正音 #本地佬 #Jyutping,提,tai4,蒂,dai3,葵,kwai4,惠,wai6,辉,fai1,跛,bai1,遗,wai4,喂,wai3,啼,tai4,筛,sai1
097,ai,本地佬粤语正音: ai 韵篇,"呢 10 个 ai 韵常用字, 你平时有冇读错? 跟我一齐掌握标准粤拼! #粤语 #正音 #本地佬",#粤语 #正音 #本地佬 #Jyutping,猬,wai6,馈,gwai6,滞,zai6,愧,kwai5,犀,sai1,婿,sai3,缔,dai3,瑰,gwai3,携,kwai4,跪,gwai6
098,ai,本地佬粤语正音: ai 韵篇,"呢 10 个 ai 韵常用字, 你平时有冇读错? 跟我一齐掌握标准粤拼! #粤语 #正音 #本地佬",#粤语 #正音 #本地佬 #Jyutping,矮,ai2,毁,wai2,溪,kai1,窥,kwai1,誓,sai6,蔽,bai3,蔚,wai3,弊,bai6,慧,wai6,题,tai4
099,ai,本地佬粤语正音: ai 韵篇,"呢 10 个 ai 韵常用字, 你平时有冇读错? 跟我一齐掌握标准粤拼! #粤语 #正音 #本地佬",#粤语 #正音 #本地佬 #Jyutping,稽,kai1,黎,lai4,毅,ngai6,慰,wai3,蹄,tai4,魏,ngai6,徽,fai1,巍,ngai4,,,,
100,ak,本地佬粤语正音: ak 韵篇,"呢 10 个 ak 韵常用字, 你平时有冇读错? 跟我一齐掌握标准粤拼! #粤语 #正音 #本地佬",#粤语 #正音 #本地佬 #Jyutping,北,bak1,则,zak1,肋,lak6,麦,mak6,扼,ak1,克,hak1,侧,zak1,刻,hak1,陌,mak6,脉,mak6
101,ak,本地佬粤语正音: ak 韵篇,"呢 10 个 ak 韵常用字, 你平时有冇读错? 跟我一齐掌握标准粤拼! #粤语 #正音 #本地佬",#粤语 #正音 #本地佬 #Jyutping,测,cak1,特,dak6,勒,lak6,得,dak1,黑,hak1,塞,sak1,墨,mak6,德,dak1,默,mak6,,
102,am,本地佬粤语正音: am 韵篇,"呢 10 个 am 韵常用字, 你平时有冇读错? 跟我一齐掌握标准粤拼! #粤语 #正音 #本地佬",#粤语 #正音 #本地佬 #Jyutping,壬,jam4,今,gam1,心,sam1,甘,gam1,乓,bam1,任,jam6,寻,cam4,阴,jam1,坎,ham2,芯,sam1
103,am,本地佬粤语正音: am 韵篇,"呢 10 个 am 韵常用字, 你平时有冇读错? 跟我一齐掌握标准粤拼! #粤语 #正音 #本地佬",#粤语 #正音 #本地佬 #Jyutping,吟,jam4,针,zam1,含,ham4,饮,jam2,沈,sam2,沉,cam4,沁,sam3,忱,sam4,林,lam4,枕,zam2
104,am,本地佬粤语正音: am 韵篇,"呢 10 个 am 韵常用字, 你平时有冇读错? 跟我一齐掌握标准粤拼! #粤语 #正音 #本地佬",#粤语 #正音 #本地佬 #Jyutping,金,gam1,审,sam2,甚,sam6,荫,jam1,柑,gam1,泵,bam1,砍,ham2,临,lam4,钦,jam1,怎,zam2
105,am,本地佬粤语正音: am 韵篇,"呢 10 个 am 韵常用字, 你平时有冇读错? 跟我一齐掌握标准粤拼! #粤语 #正音 #本地佬",#粤语 #正音 #本地佬 #Jyutping,侵,cam1,音,jam1,赁,jam6,浸,zam3,勘,ham3,庵,am1,淋,lam4,淫,jam4,深,sam1,渗,sam3
106,am,本地佬粤语正音: am 韵篇,"呢 10 个 am 韵常用字, 你平时有冇读错? 跟我一齐掌握标准粤拼! #粤语 #正音 #本地佬",#粤语 #正音 #本地佬 #Jyutping,敢,gam2,婶,sam2,琴,kam4,琳,lam4,堪,ham1,森,sam1,酣,ham4,嵌,ham3,禽,kam4,斟,zam1
107,am,本地佬粤语正音: am 韵篇,"呢 10 个 am 韵常用字, 你平时有冇读错? 跟我一齐掌握标准粤拼! #粤语 #正音 #本地佬",#粤语 #正音 #本地佬 #Jyutping,禁,gam3,感,gam2,暗,am3,锦,gam2,寝,cam2,擒,kam4,凛,lam5,憨,ham1,撼,ham6,憾,ham6
108,an,本地佬粤语正音: an 韵篇,"呢 10 个 an 韵常用字, 你平时有冇读错? 跟我一齐掌握标准粤拼! #粤语 #正音 #本地佬",#粤语 #正音 #本地佬 #Jyutping,人,jan4,儿,jan4,巾,gan1,刃,jan6,云,wan4,仁,jan4,仅,gan2,斤,gan1,分,fan1,匀,wan4
109,an,本地佬粤语正音: an 韵篇,"呢 10 个 an 韵常用字, 你平时有冇读错? 跟我一齐掌握标准粤拼! #粤语 #正音 #本地佬",#粤语 #正音 #本地佬 #Jyutping,文,man4,引,jan5,允,wan5,申,san1,印,jan3,训,fan3,民,man4,孕,jan6,臣,san4,尘,can4
110,an,本地佬粤语正音: an 韵篇,"呢 10 个 an 韵常用字, 你平时有冇读错? 跟我一齐掌握标准粤拼! #粤语 #正音 #本地佬",#粤语 #正音 #本地佬 #Jyutping,因,jan1,份,fan6,问,man6,军,gwan1,阵,zan6,纫,jan6,吞,tan1,韧,jan6,运,wan6,均,gwan1
111,an,本地佬粤语正音: an 韵篇,"呢 10 个 an 韵常用字, 你平时有冇读错? 跟我一齐掌握标准粤拼! #粤语 #正音 #本地佬",#粤语 #正音 #本地佬 #Jyutping,坟,fan4,芹,kan4,芬,fan1,辰,san4,困,kwan3,吩,fan1,吻,man5,伸,san1,身,san1,近,gan6
112,an,本地佬粤语正音: an 韵篇,"呢 10 个 an 韵常用字, 你平时有冇读错? 跟我一齐掌握标准粤拼! #粤语 #正音 #本地佬",#粤语 #正音 #本地佬 #Jyutping,辛,san1,诊,can2,君,gwan1,陈,can4,忍,jan2,纷,fan1,纹,man4,坤,kwan1,奔,ban1,奋,fan5
113,an,本地佬粤语正音: an 韵篇,"呢 10 个 an 韵常用字, 你平时有冇读错? 跟我一齐掌握标准粤拼! #粤语 #正音 #本地佬",#粤语 #正音 #本地佬 #Jyutping,肾,san5,昆,kwan1,呻,san1,氛,fan1,欣,jan1,贫,pan4,忿,fan5,昏,fan1,氓,man4,衬,can3
114,an,本地佬粤语正音: an 韵篇,"呢 10 个 an 韵常用字, 你平时有冇读错? 跟我一齐掌握标准粤拼! #粤语 #正音 #本地佬",#粤语 #正音 #本地佬 #Jyutping,绅,san1,珍,zan1,茵,jan1,荤,fan1,品,ban2,勋,fan1,钧,gwan1,很,han2,狠,han2,亲,can1
115,an,本地佬粤语正音: an 韵篇,"呢 10 个 an 韵常用字, 你平时有冇读错? 跟我一齐掌握标准粤拼! #粤语 #正音 #本地佬",#粤语 #正音 #本地佬 #Jyutping,闻,man4,闽,man5,浑,wan4,恨,han6,神,san4,垦,han2,陨,wan5,姻,jan1,耘,wan4,振,zan3
116,an,本地佬粤语正音: an 韵篇,"呢 10 个 an 韵常用字, 你平时有冇读错? 跟我一齐掌握标准粤拼! #粤语 #正音 #本地佬",#粤语 #正音 #本地佬 #Jyutping,捆,kwan2,真,zan1,根,gan1,紧,gan2,晕,wan4,蚊,man1,蚓,jan5,恩,jan1,殷,jan1,疹,can2
117,an,本地佬粤语正音: an 韵篇,"呢 10 个 an 韵常用字, 你平时有冇读错? 跟我一齐掌握标准粤拼! #粤语 #正音 #本地佬",#粤语 #正音 #本地佬 #Jyutping,紊,man6,粉,fan2,悯,man5,宾,ban1,恳,han2,菌,kwan2,彬,ban1,酝,wan5,晨,san4,银,ngan4
118,an,本地佬粤语正音: an 韵篇,"呢 10 个 an 韵常用字, 你平时有冇读错? 跟我一齐掌握标准粤拼! #粤语 #正音 #本地佬",#粤语 #正音 #本地佬 #Jyutping,笨,ban6,敏,man5,衅,jan6,痕,han4,混,wan6,寅,jan4,隐,jan2,婚,fan1,趁,can3,焚,fan4
119,an,本地佬粤语正音: an 韵篇,"呢 10 个 an 韵常用字, 你平时有冇读错? 跟我一齐掌握标准粤拼! #粤语 #正音 #本地佬",#粤语 #正音 #本地佬 #Jyutping,棍,gwan3,喷,pan3,锌,san1,筋,gan1,斌,ban1,粪,fan3,温,wan1,愤,fan5,窘,kwan3,裙,kwan4
120,an,本地佬粤语正音: an 韵篇,"呢 10 个 an 韵常用字, 你平时有冇读错? 跟我一齐掌握标准粤拼! #粤语 #正音 #本地佬",#粤语 #正音 #本地佬 #Jyutping,魂,wan4,勤,kan4,频,pan4,跟,gan1,禀,ban2,新,san1,韵,wan6,滚,gwan2,滨,ban1,慎,san6
121,an,本地佬粤语正音: an 韵篇,"呢 10 个 an 韵常用字, 你平时有冇读错? 跟我一齐掌握标准粤拼! #粤语 #正音 #本地佬",#粤语 #正音 #本地佬 #Jyutping,谨,gan2,群,kwan4,缤,ban1,稳,wan2,熏,fan1,瘟,wan1,蕴,wan3,震,zan3,镇,zan3,薪,san1
122,ang,本地佬粤语正音: ang 韵篇,"呢 10 个 ang 韵常用字, 你平时有冇读错? 跟我一齐掌握标准粤拼! #粤语 #正音 #本地佬",#粤语 #正音 #本地佬 #Jyutping,邓,dang6,弘,wang4,争,zang1,灯,dang1,杏,hang6,更,gang3,宏,wang4,层,cang4,幸,hang6,茎,hang1
123,ang,本地佬粤语正音: ang 韵篇,"呢 10 个 ang 韵常用字, 你平时有冇读错? 跟我一齐掌握标准粤拼! #粤语 #正音 #本地佬",#粤语 #正音 #本地佬 #Jyutping,轰,gwang1,肯,hang2,凭,pang4,朋,pang4,庚,gang1,挣,zang1,牲,sang1,狰,zang1,恒,hang4,埂,gang2
124,ang,本地佬粤语正音: ang 韵篇,"呢 10 个 ang 韵常用字, 你平时有冇读错? 跟我一齐掌握标准粤拼! #粤语 #正音 #本地佬",#粤语 #正音 #本地佬 #Jyutping,耿,gang2,莺,ang1,哼,hang1,疼,tang4,能,nang4,萌,mang4,梗,gang2,睁,zang1,啃,hang2,崩,bang1
125,ang,本地佬粤语正音: ang 韵篇,"呢 10 个 ang 韵常用字, 你平时有冇读错? 跟我一齐掌握标准粤拼! #粤语 #正音 #本地佬",#粤语 #正音 #本地佬 #Jyutping,笙,sang1,绷,bang1,甥,sang1,等,dang2,筝,zang1,曾,cang4,登,dang1,盟,mang4,腾,tang4,誊,tang4
126,ang,本地佬粤语正音: ang 韵篇,"呢 10 个 ang 韵常用字, 你平时有冇读错? 跟我一齐掌握标准粤拼! #粤语 #正音 #本地佬",#粤语 #正音 #本地佬 #Jyutping,僧,zang1,凳,dang3,增,zang1,憎,zang1,赠,zang6,衡,hang4,瞪,dang1,藤,tang4,蹦,bang1,蹭,sang3
127,ap,本地佬粤语正音: ap 韵篇,"呢 10 个 ap 韵常用字, 你平时有冇读错? 跟我一齐掌握标准粤拼! #粤语 #正音 #本地佬",#粤语 #正音 #本地佬 #Jyutping,十,sap6,入,jap6,及,kap6,什,sap6,凹,nap1,汁,zap1,执,zap1,吸,kap1,合,hap6,级,kap1
128,ap,本地佬粤语正音: ap 韵篇,"呢 10 个 ap 韵常用字, 你平时有冇读错? 跟我一齐掌握标准粤拼! #粤语 #正音 #本地佬",#粤语 #正音 #本地佬 #Jyutping,邑,jap1,侠,hap6,泣,jap1,拾,sap6,急,gap1,洽,hap1,恰,hap1,给,kap1,盒,hap6,鸽,gap3
129,ap,本地佬粤语正音: ap 韵篇,"呢 10 个 ap 韵常用字, 你平时有冇读错? 跟我一齐掌握标准粤拼! #粤语 #正音 #本地佬",#粤语 #正音 #本地佬 #Jyutping,粒,nap1,蛤,gap3,湿,sap1,缉,cap1,辑,cap1,磕,hap6,,,,,,,,
130,at,本地佬粤语正音: at 韵篇,"呢 10 个 at 韵常用字, 你平时有冇读错? 跟我一齐掌握标准粤拼! #粤语 #正音 #本地佬",#粤语 #正音 #本地佬 #Jyutping,一,jat1,七,cat1,乞,hat1,不,bat1,匹,pat1,日,jat6,乏,fat6,勿,mat6,凸,dat6,失,sat1
131,at,本地佬粤语正音: at 韵篇,"呢 10 个 at 韵常用字, 你平时有冇读错? 跟我一齐掌握标准粤拼! #粤语 #正音 #本地佬",#粤语 #正音 #本地佬 #Jyutping,甩,lat1,弗,fat1,吉,gat1,毕,bat1,屹,ngat6,迄,ngat6,伐,fat6,佛,fat6,拔,bat6,拂,fat1
132,at,本地佬粤语正音: at 韵篇,"呢 10 个 at 韵常用字, 你平时有冇读错? 跟我一齐掌握标准粤拼! #粤语 #正音 #本地佬",#粤语 #正音 #本地佬 #Jyutping,物,mat6,侄,zat6,质,zat1,忽,fat1,疙,gat1,实,sat6,屈,wat1,咳,kat1,罚,fat6,骨,gwat1
133,at,本地佬粤语正音: at 韵篇,"呢 10 个 at 韵常用字, 你平时有冇读错? 跟我一齐掌握标准粤拼! #粤语 #正音 #本地佬",#粤语 #正音 #本地佬 #Jyutping,阀,fat6,柒,cat1,室,sat1,突,dat6,桔,gat1,核,hat6,笔,bat1,倔,gwat6,疾,zat6,掘,gwat6
134,at,本地佬粤语正音: at 韵篇,"呢 10 个 at 韵常用字, 你平时有冇读错? 跟我一齐掌握标准粤拼! #粤语 #正音 #本地佬",#粤语 #正音 #本地佬 #Jyutping,崛,gwat6,逸,jat6,窒,zat6,密,mat6,壹,jat1,跋,bat6,筏,fat6,瑟,sat1,溢,jat6,窟,fat1
135,at,本地佬粤语正音: at 韵篇,"呢 10 个 at 韵常用字, 你平时有冇读错? 跟我一齐掌握标准粤拼! #粤语 #正音 #本地佬",#粤语 #正音 #本地佬 #Jyutping,嫉,zat6,辖,hat6,漆,cat1,蜜,mat6,瞎,hat6,膝,sat1,橘,gwat1,,,,,,
136,e,本地佬粤语正音: e 韵篇,"呢 10 个 e 韵常用字, 你平时有冇读错? 跟我一齐掌握标准粤拼! #粤语 #正音 #本地佬",#粤语 #正音 #本地佬 #Jyutping,车,ce1,且,ce2,写,se2,邪,ce4,爷,je4,扯,ce2,这,ze5,冶,je5,社,se5,者,ze2
137,e,本地佬粤语正音: e 韵篇,"呢 10 个 e 韵常用字, 你平时有冇读错? 跟我一齐掌握标准粤拼! #粤语 #正音 #本地佬",#粤语 #正音 #本地佬 #Jyutping,茄,ke2,些,se1,呢,ne1,舍,se3,夜,je6,泻,se3,姐,ze2,咧,le2,卸,se3,借,ze3
138,e,本地佬粤语正音: e 韵篇,"呢 10 个 e 韵常用字, 你平时有冇读错? 跟我一齐掌握标准粤拼! #粤语 #正音 #本地佬",#粤语 #正音 #本地佬 #Jyutping,射,se6,爹,de1,赦,se3,奢,ce1,野,je5,啡,fe1,蛇,se4,啤,be1,斜,ce3,骑,ke4
139,e,本地佬粤语正音: e 韵篇,"呢 10 个 e 韵常用字, 你平时有冇读错? 跟我一齐掌握标准粤拼! #粤语 #正音 #本地佬",#粤语 #正音 #本地佬 #Jyutping,惹,je5,椰,je4,谢,ze6,蔗,ze3,遮,ze1,瘸,ke4,,,,,,,,
140,ei,本地佬粤语正音: ei 韵篇,"呢 10 个 ei 韵常用字, 你平时有冇读错? 跟我一齐掌握标准粤拼! #粤语 #正音 #本地佬",#粤语 #正音 #本地佬 #Jyutping,匕,bei3,几,gei1,己,gei2,飞,fei1,比,bei2,气,hei3,讥,gei1,未,mei6,叽,gei1,四,sei3
141,ei,本地佬粤语正音: ei 韵篇,"呢 10 个 ei 韵常用字, 你平时有冇读错? 跟我一齐掌握标准粤拼! #粤语 #正音 #本地佬",#粤语 #正音 #本地佬 #Jyutping,饥,gei1,记,gei3,尼,nei4,皮,pei4,地,dei6,机,gei1,吏,lei6,死,sei2,岂,hei2,企,kei5
142,ei,本地佬粤语正音: ei 韵篇,"呢 10 个 ei 韵常用字, 你平时有冇读错? 跟我一齐掌握标准粤拼! #粤语 #正音 #本地佬",#粤语 #正音 #本地佬 #Jyutping,肌,gei1,妃,fei1,戏,hei3,纪,gei2,技,gei6,李,lei5,里,lei5,利,lei6,你,nei5,希,hei1
143,ei,本地佬粤语正音: ei 韵篇,"呢 10 个 ei 韵常用字, 你平时有冇读错? 跟我一齐掌握标准粤拼! #粤语 #正音 #本地佬",#粤语 #正音 #本地佬 #Jyutping,庇,bei3,弃,hei3,汽,hei3,屁,pei3,尾,mei5,忌,gei6,妓,gei6,披,pei1,其,kei4,奇,kei4
144,ei,本地佬粤语正音: ei 韵篇,"呢 10 个 ei 韵常用字, 你平时有冇读错? 跟我一齐掌握标准粤拼! #粤语 #正音 #本地佬",#粤语 #正音 #本地佬 #Jyutping,非,fei1,歧,kei4,味,mei6,卑,bei1,彼,bei2,肥,fei4,备,bei6,泌,bei3,祈,kei4,弥,nei4
145,ei,本地佬粤语正音: ei 韵篇,"呢 10 个 ei 韵常用字, 你平时有冇读错? 跟我一齐掌握标准粤拼! #粤语 #正音 #本地佬",#粤语 #正音 #本地佬 #Jyutping,妮,nei4,厘,lei4,俐,lei6,饵,nei6,美,mei5,既,gei3,眉,mei4,匪,fei2,起,hei2,莉,lei6
146,ei,本地佬粤语正音: ei 韵篇,"呢 10 个 ei 韵常用字, 你平时有冇读错? 跟我一齐掌握标准粤拼! #粤语 #正音 #本地佬",#粤语 #正音 #本地佬 #Jyutping,牺,hei1,秘,bei3,狸,lei4,疲,pei4,诽,fei2,被,bei6,理,lei5,基,gei1,菲,fei2,崎,kei1
147,ei,本地佬粤语正音: ei 韵篇,"呢 10 个 ei 韵常用字, 你平时有冇读错? 跟我一齐掌握标准粤拼! #粤语 #正音 #本地佬",#粤语 #正音 #本地佬 #Jyutping,梨,lei4,您,nei5,寄,gei3,喜,hei2,期,kei4,欺,hei1,棋,kei4,悲,bei1,稀,hei1,脾,pei4
148,ei,本地佬粤语正音: ei 韵篇,"呢 10 个 ei 韵常用字, 你平时有冇读错? 跟我一齐掌握标准粤拼! #粤语 #正音 #本地佬",#粤语 #正音 #本地佬 #Jyutping,惫,bei6,痢,lei6,媚,mei6,碑,bei1,鄙,pei2,畸,kei1,微,mei4,腻,nei6,痹,bei3,漓,lei4
149,ei,本地佬粤语正音: ei 韵篇,"呢 10 个 ei 韵常用字, 你平时有冇读错? 跟我一齐掌握标准粤拼! #粤语 #正音 #本地佬",#粤语 #正音 #本地佬 #Jyutping,璃,lei4,熙,hei1,箕,gei1,鼻,bei6,魅,mei6,旗,kei4,嘻,hei1,嘿,hei1,鲤,lei5,履,lei5
150,ei,本地佬粤语正音: ei 韵篇,"呢 10 个 ei 韵常用字, 你平时有冇读错? 跟我一齐掌握标准粤拼! #粤语 #正音 #本地佬",#粤语 #正音 #本地佬 #Jyutping,薇,mei4,冀,kei3,器,hei3,篱,lei4,避,bei6,臂,bei3,鳍,kei4,靡,mei5,譬,pei3,,
151,ek,本地佬粤语正音: ek 韵篇,"呢 10 个 ek 韵常用字, 你平时有冇读错? 跟我一齐掌握标准粤拼! #粤语 #正音 #本地佬",#粤语 #正音 #本地佬 #Jyutping,尺,cek3,石,sek6,吃,hek3,赤,cek3,脊,zek3,剧,kek6,硕,sek6,笛,dek6,锡,sek3,踢,tek3
152,eng,本地佬粤语正音: eng 韵篇,"呢 10 个 eng 韵常用字, 你平时有冇读错? 跟我一齐掌握标准粤拼! #粤语 #正音 #本地佬",#粤语 #正音 #本地佬 #Jyutping,井,zeng2,厅,teng1,平,peng4,名,meng2,命,meng6,郑,zeng6,柄,beng3,饼,beng2,病,beng6,颈,geng2
153,eoi,本地佬粤语正音: eoi 韵篇,"呢 10 个 eoi 韵常用字, 你平时有冇读错? 跟我一齐掌握标准粤拼! #粤语 #正音 #本地佬",#粤语 #正音 #本地佬 #Jyutping,女,neoi5,区,keoi1,巨,geoi6,水,seoi2,队,deoi6,去,heoi3,帅,seoi3,句,geoi3,对,deoi3,吁,heoi1
154,eoi,本地佬粤语正音: eoi 韵篇,"呢 10 个 eoi 韵常用字, 你平时有冇读错? 跟我一齐掌握标准粤拼! #粤语 #正音 #本地佬",#粤语 #正音 #本地佬 #Jyutping,吕,leoi5,屿,zeoi6,岁,seoi3,许,heoi2,拒,keoi5,吹,ceoi1,岖,keoi1,序,zeoi6,兑,deoi3,坠,zeoi6
155,eoi,本地佬粤语正音: eoi 韵篇,"呢 10 个 eoi 韵常用字, 你平时有冇读错? 跟我一齐掌握标准粤拼! #粤语 #正音 #本地佬",#粤语 #正音 #本地佬 #Jyutping,驱,keoi1,拘,keoi1,取,ceoi2,柜,geoi2,具,geoi6,垂,seoi4,侣,leoi5,炬,geoi6,炊,ceoi1,泪,leoi6
156,eoi,本地佬粤语正音: eoi 韵篇,"呢 10 个 eoi 韵常用字, 你平时有冇读错? 跟我一齐掌握标准粤拼! #粤语 #正音 #本地佬",#粤语 #正音 #本地佬 #Jyutping,沮,zeoi2,居,geoi1,驹,keoi1,虽,seoi1,矩,geoi2,追,zeoi1,须,seoi1,叙,zeoi6,类,leoi6,举,geoi2
157,eoi,本地佬粤语正音: eoi 韵篇,"呢 10 个 eoi 韵常用字, 你平时有冇读错? 跟我一齐掌握标准粤拼! #粤语 #正音 #本地佬",#粤语 #正音 #本地佬 #Jyutping,退,teoi3,除,ceoi4,垒,leoi5,虑,leoi6,俱,keoi1,徐,ceoi4,脆,ceoi3,馁,neoi5,衰,seoi1,旅,leoi5
158,eoi,本地佬粤语正音: eoi 韵篇,"呢 10 个 eoi 韵常用字, 你平时有冇读错? 跟我一齐掌握标准粤拼! #粤语 #正音 #本地佬",#粤语 #正音 #本地佬 #Jyutping,谁,seoi4,祟,seoi6,捶,ceoi4,堆,deoi1,推,teoi1,据,geoi1,娶,ceoi2,虚,heoi1,距,keoi5,累,leoi6
159,eoi,本地佬粤语正音: eoi 韵篇,"呢 10 个 eoi 韵常用字, 你平时有冇读错? 跟我一齐掌握标准粤拼! #粤语 #正音 #本地佬",#粤语 #正音 #本地佬 #Jyutping,崔,ceoi1,铝,leoi5,躯,keoi1,渠,keoi4,惧,geoi6,悴,seoi6,隋,ceoi4,随,ceoi4,绪,seoi5,缀,zeoi3
160,eoi,本地佬粤语正音: eoi 韵篇,"呢 10 个 eoi 韵常用字, 你平时有冇读错? 跟我一齐掌握标准粤拼! #粤语 #正音 #本地佬",#粤语 #正音 #本地佬 #Jyutping,趋,ceoi1,揣,ceoi2,椎,zeoi1,最,zeoi3,锐,jeoi6,税,seoi3,遂,seoi6,屡,leoi5,絮,seoi5,缕,leoi5
161,eoi,本地佬粤语正音: eoi 韵篇,"呢 10 个 eoi 韵常用字, 你平时有冇读错? 跟我一齐掌握标准粤拼! #粤语 #正音 #本地佬",#粤语 #正音 #本地佬 #Jyutping,瑞,seoi6,碎,seoi3,雷,leoi4,睡,seoi6,蜕,teoi3,罪,zeoi6,锤,ceoi4,锥,zeoi1,锯,geoi3,颓,teoi4
162,eoi,本地佬粤语正音: eoi 韵篇,"呢 10 个 eoi 韵常用字, 你平时有冇读错? 跟我一齐掌握标准粤拼! #粤语 #正音 #本地佬",#粤语 #正音 #本地佬 #Jyutping,催,ceoi1,腿,teoi2,滤,leoi6,赘,zeoi6,墟,heoi1,摧,ceoi1,聚,zeoi6,需,seoi1,墅,seoi6,粹,seoi6
163,eoi,本地佬粤语正音: eoi 韵篇,"呢 10 个 eoi 韵常用字, 你平时有冇读错? 跟我一齐掌握标准粤拼! #粤语 #正音 #本地佬",#粤语 #正音 #本地佬 #Jyutping,褪,teoi3,隧,seoi6,翠,ceoi3,骡,leoi4,趣,ceoi3,蕊,jeoi5,醉,zeoi3,磊,leoi5,擂,leoi4,蕾,leoi4
164,eon,本地佬粤语正音: eon 韵篇,"呢 10 个 eon 韵常用字, 你平时有冇读错? 跟我一齐掌握标准粤拼! #粤语 #正音 #本地佬",#粤语 #正音 #本地佬 #Jyutping,仑,leon4,讯,seon3,伦,leon4,旬,ceon4,汛,seon3,论,leon6,迅,seon3,尽,zeon6,驯,seon4,巡,ceon4
165,eon,本地佬粤语正音: eon 韵篇,"呢 10 个 eon 韵常用字, 你平时有冇读错? 跟我一齐掌握标准粤拼! #粤语 #正音 #本地佬",#粤语 #正音 #本地佬 #Jyutping,进,zeon3,抡,leon4,吨,deon1,邻,leon4,卵,leon2,吝,leon6,闰,jeon6,沦,leon4,纯,seon4,轮,leon4
166,eon,本地佬粤语正音: eon 韵篇,"呢 10 个 eon 韵常用字, 你平时有冇读错? 跟我一齐掌握标准粤拼! #粤语 #正音 #本地佬",#粤语 #正音 #本地佬 #Jyutping,询,seon1,春,ceon1,盹,deon6,钝,deon6,顺,seon6,信,seon3,俊,zeon3,盾,teon5,津,zeon1,逊,seon3
167,eon,本地佬粤语正音: eon 韵篇,"呢 10 个 eon 韵常用字, 你平时有冇读错? 跟我一齐掌握标准粤拼! #粤语 #正音 #本地佬",#粤语 #正音 #本地佬 #Jyutping,秦,ceon4,晋,zeon3,唇,seon4,殉,seon1,顿,deon6,峻,zeon3,笋,seon2,准,zeon2,润,jeon6,谆,zeon1
168,eon,本地佬粤语正音: eon 韵篇,"呢 10 个 eon 韵常用字, 你平时有冇读错? 跟我一齐掌握标准粤拼! #粤语 #正音 #本地佬",#粤语 #正音 #本地佬 #Jyutping,骏,zeon3,淳,seon4,循,ceon4,敦,deon1,竣,zeon3,椿,ceon1,墩,deon1,醇,seon4,遵,zeon1,磷,leon4
169,eon,本地佬粤语正音: eon 韵篇,"呢 10 个 eon 韵常用字, 你平时有冇读错? 跟我一齐掌握标准粤拼! #粤语 #正音 #本地佬",#粤语 #正音 #本地佬 #Jyutping,瞬,seon3,蹲,deon1,鳞,leon4,蠢,ceon2,躏,leon6,,,,,,,,,,
170,eot,本地佬粤语正音: eot 韵篇,"呢 10 个 eot 韵常用字, 你平时有冇读错? 跟我一齐掌握标准粤拼! #粤语 #正音 #本地佬",#粤语 #正音 #本地佬 #Jyutping,术,seot6,出,ceot1,戌,seot1,述,seot6,卒,zeot1,律,leot6,恤,seot1,栗,leot6,率,seot1,摔,seot1
171,i,本地佬粤语正音: i 韵篇,"呢 10 个 i 韵常用字, 你平时有冇读错? 跟我一齐掌握标准粤拼! #粤语 #正音 #本地佬",#粤语 #正音 #本地佬 #Jyutping,二,ji6,士,si6,义,ji6,之,zi1,尸,si1,已,ji5,巳,zi6,子,zi2,支,zi1,止,zi2
172,i,本地佬粤语正音: i 韵篇,"呢 10 个 i 韵常用字, 你平时有冇读错? 跟我一齐掌握标准粤拼! #粤语 #正音 #本地佬",#粤语 #正音 #本地佬 #Jyutping,氏,si6,以,ji5,示,si6,只,zi2,史,si2,矢,ci2,仪,ji4,尔,ji5,市,si5,议,ji5
173,i,本地佬粤语正音: i 韵篇,"呢 10 个 i 韵常用字, 你平时有冇读错? 跟我一齐掌握标准粤拼! #粤语 #正音 #本地佬",#粤语 #正音 #本地佬 #Jyutping,司,si1,丝,si1,寺,zi2,耳,ji5,芝,zi1,而,ji4,夷,ji4,至,zi3,此,ci2,师,si1
174,i,本地佬粤语正音: i 韵篇,"呢 10 个 i 韵常用字, 你平时有冇读错? 跟我一齐掌握标准粤拼! #粤语 #正音 #本地佬",#粤语 #正音 #本地佬 #Jyutping,自,zi6,伊,ji1,似,ci5,旨,zi2,衣,ji1,次,ci3,池,ci4,字,zi6,异,ji6,弛,ci4
175,i,本地佬粤语正音: i 韵篇,"呢 10 个 i 韵常用字, 你平时有冇读错? 跟我一齐掌握标准粤拼! #粤语 #正音 #本地佬",#粤语 #正音 #本地佬 #Jyutping,驰,ci4,址,zi2,志,zi3,拟,ji5,时,si4,吱,zi1,私,si1,伺,zi6,祀,zi6,词,ci4
176,i,本地佬粤语正音: i 韵篇,"呢 10 个 i 韵常用字, 你平时有冇读错? 跟我一齐掌握标准粤拼! #粤语 #正音 #本地佬",#粤语 #正音 #本地佬 #Jyutping,迟,ci4,姊,zi2,矣,ji5,纸,zi2,枝,zi1,事,si6,刺,ci3,厕,ci3,齿,ci2,易,ji6
177,i,本地佬粤语正音: i 韵篇,"呢 10 个 i 韵常用字, 你平时有冇读错? 跟我一齐掌握标准粤拼! #粤语 #正音 #本地佬",#粤语 #正音 #本地佬 #Jyutping,帜,ci3,知,zi1,侍,si6,使,si2,侈,ci2,依,ji1,肢,zi1,饲,zi6,治,zi6,怡,ji4
178,i,本地佬粤语正音: i 韵篇,"呢 10 个 i 韵常用字, 你平时有冇读错? 跟我一齐掌握标准粤拼! #粤语 #正音 #本地佬",#粤语 #正音 #本地佬 #Jyutping,宜,ji4,试,si3,诗,si1,视,si6,始,ci2,贰,ji6,持,ci4,指,zi2,柿,ci2,是,si6
179,i,本地佬粤语正音: i 韵篇,"呢 10 个 i 韵常用字, 你平时有冇读错? 跟我一齐掌握标准粤拼! #粤语 #正音 #本地佬",#粤语 #正音 #本地佬 #Jyutping,思,si1,贻,ji4,狮,si1,咨,zi1,姿,zi1,施,si1,籽,zi2,兹,zi1,恃,ci5,祠,ci4
180,i,本地佬粤语正音: i 韵篇,"呢 10 个 i 韵常用字, 你平时有冇读错? 跟我一齐掌握标准粤拼! #粤语 #正音 #本地佬",#粤语 #正音 #本地佬 #Jyutping,屎,si2,姨,ji1,挚,zi3,耻,ci2,翅,ci3,致,zi3,哩,li1,倚,ji2,胰,ji4,脂,zi1
181,i,本地佬粤语正音: i 韵篇,"呢 10 个 i 韵常用字, 你平时有冇读错? 跟我一齐掌握标准粤拼! #粤语 #正音 #本地佬",#粤语 #正音 #本地佬 #Jyutping,脐,ci4,离,ci1,瓷,ci4,资,zi1,谊,ji4,匙,si4,趾,zi2,移,ji4,斯,si1,椅,ji2
182,i,本地佬粤语正音: i 韵篇,"呢 10 个 i 韵常用字, 你平时有冇读错? 跟我一齐掌握标准粤拼! #粤语 #正音 #本地佬",#粤语 #正音 #本地佬 #Jyutping,紫,zi2,赐,ci3,智,zi3,滋,zi1,肆,si3,嗜,si3,置,zi3,辞,ci4,稚,zi6,痴,ci1
183,i,本地佬粤语正音: i 韵篇,"呢 10 个 i 韵常用字, 你平时有冇读错? 跟我一齐掌握标准粤拼! #粤语 #正音 #本地佬",#粤语 #正音 #本地佬 #Jyutping,意,ji3,慈,ci4,磁,ci4,雌,ci1,蜘,zi1,疑,ji4,撕,si1,嘶,si1,,,,
184,ik,本地佬粤语正音: ik 韵篇,"呢 10 个 ik 韵常用字, 你平时有冇读错? 跟我一齐掌握标准粤拼! #粤语 #正音 #本地佬",#粤语 #正音 #本地佬 #Jyutping,力,lik6,亿,jik1,夕,zik6,历,lik6,忆,jik1,击,gik1,斥,cik1,式,sik1,色,sik1,亦,jik6
185,ik,本地佬粤语正音: ik 韵篇,"呢 10 个 ik 韵常用字, 你平时有冇读错? 跟我一齐掌握标准粤拼! #粤语 #正音 #本地佬",#粤语 #正音 #本地佬 #Jyutping,抑,jik1,极,gik6,役,jik6,沥,lik6,识,sik1,译,jik6,即,zik1,昔,sik1,直,zik6,析,sik1
186,ik,本地佬粤语正音: ik 韵篇,"呢 10 个 ik 韵常用字, 你平时有冇读错? 跟我一齐掌握标准粤拼! #粤语 #正音 #本地佬",#粤语 #正音 #本地佬 #Jyutping,迪,dik6,的,dik1,迫,bik1,觅,mik6,饰,sik1,织,zik1,绎,jik6,拭,sik1,食,sik6,蚀,sik6
187,ik,本地佬粤语正音: ik 韵篇,"呢 10 个 ik 韵常用字, 你平时有冇读错? 跟我一齐掌握标准粤拼! #粤语 #正音 #本地佬",#粤语 #正音 #本地佬 #Jyutping,迹,zik1,疫,jik6,逆,jik6,匿,nik1,砾,lik1,剔,tik1,唧,zik1,敌,dik6,积,zik1,值,zik6
188,ik,本地佬粤语正音: ik 韵篇,"呢 10 个 ik 韵常用字, 你平时有冇读错? 跟我一齐掌握标准粤拼! #粤语 #正音 #本地佬",#粤语 #正音 #本地佬 #Jyutping,息,sik1,席,zik6,益,jik1,涤,dik6,域,wik6,职,zik1,戚,cik1,悉,sik1,液,jik6,惜,sik1
189,ik,本地佬粤语正音: ik 韵篇,"呢 10 个 ik 韵常用字, 你平时有冇读错? 跟我一齐掌握标准粤拼! #粤语 #正音 #本地佬",#粤语 #正音 #本地佬 #Jyutping,惕,tik1,寂,zik6,绩,zik1,植,zik6,逼,bik1,棘,gik1,殖,zik6,雳,lik1,晰,sik1,释,sik1
190,ik,本地佬粤语正音: ik 韵篇,"呢 10 个 ik 韵常用字, 你平时有冇读错? 跟我一齐掌握标准粤拼! #粤语 #正音 #本地佬",#粤语 #正音 #本地佬 #Jyutping,腊,sik1,腋,jik6,隙,kwik1,溺,nik6,辟,pik1,媳,sik1,碧,bik1,嘀,dik6,熄,sik1,滴,dik6
191,ik,本地佬粤语正音: ik 韵篇,"呢 10 个 ik 韵常用字, 你平时有冇读错? 跟我一齐掌握标准粤拼! #粤语 #正音 #本地佬",#粤语 #正音 #本地佬 #Jyutping,僻,pik1,鲫,zik1,激,gik1,壁,bik1,藉,zik6,蟋,sik1,翼,jik6,璧,bik1,籍,zik6,霹,pik1
192,im,本地佬粤语正音: im 韵篇,"呢 10 个 im 韵常用字, 你平时有冇读错? 跟我一齐掌握标准粤拼! #粤语 #正音 #本地佬",#粤语 #正音 #本地佬 #Jyutping,欠,him3,占,zim1,冉,jim5,闪,sim2,厌,jim3,尖,zim1,纤,cim1,严,jim4,歼,cim1,念,nim6
193,im,本地佬粤语正音: im 韵篇,"呢 10 个 im 韵常用字, 你平时有冇读错? 跟我一齐掌握标准粤拼! #粤语 #正音 #本地佬",#粤语 #正音 #本地佬 #Jyutping,店,dim3,炎,jim4,沾,zim1,帘,lim4,陕,sim2,玷,dim3,垫,dim3,点,dim2,俭,gim6,剑,gim3
194,im,本地佬粤语正音: im 韵篇,"呢 10 个 im 韵常用字, 你平时有冇读错? 跟我一齐掌握标准粤拼! #粤语 #正音 #本地佬",#粤语 #正音 #本地佬 #Jyutping,染,jim5,恬,tim4,险,him2,艳,jim6,盐,jim4,捡,gim2,钳,kim4,俺,jim3,兼,gim1,验,jim6
195,im,本地佬粤语正音: im 韵篇,"呢 10 个 im 韵常用字, 你平时有冇读错? 跟我一齐掌握标准粤拼! #粤语 #正音 #本地佬",#粤语 #正音 #本地佬 #Jyutping,掩,jim2,捻,nim2,掂,dim6,检,gim2,甜,tim4,敛,lim5,脸,lim5,阎,jim4,粘,zim1,添,tim1
196,im,本地佬粤语正音: im 韵篇,"呢 10 个 im 韵常用字, 你平时有冇读错? 跟我一齐掌握标准粤拼! #粤语 #正音 #本地佬",#粤语 #正音 #本地佬 #Jyutping,淹,jim1,渐,zim6,惦,dim3,焰,jim6,禅,sim4,谦,him1,签,cim1,廉,lim4,嫌,jim4,蝉,sim4
197,im,本地佬粤语正音: im 韵篇,"呢 10 个 im 韵常用字, 你平时有冇读错? 跟我一齐掌握标准粤拼! #粤语 #正音 #本地佬",#粤语 #正音 #本地佬 #Jyutping,舔,tim2,潜,cim4,黔,kim4,檐,sim4,瞻,zim1,镰,lim4,,,,,,,,
198,in,本地佬粤语正音: in 韵篇,"呢 10 个 in 韵常用字, 你平时有冇读错? 跟我一齐掌握标准粤拼! #粤语 #正音 #本地佬",#粤语 #正音 #本地佬 #Jyutping,千,cin1,天,tin1,见,gin3,片,pin3,电,din6,田,tin4,仙,sin1,边,bin1,年,nin4,先,sin1
199,in,本地佬粤语正音: in 韵篇,"呢 10 个 in 韵常用字, 你平时有冇读错? 跟我一齐掌握标准粤拼! #粤语 #正音 #本地佬",#粤语 #正音 #本地佬 #Jyutping,迁,cin1,延,jin4,件,gin6,连,lin4,轩,hin1,坚,gin1,佃,din6,甸,din6,免,min5,言,jin4
200,in,本地佬粤语正音: in 韵篇,"呢 10 个 in 韵常用字, 你平时有冇读错? 跟我一齐掌握标准粤拼! #粤语 #正音 #本地佬",#粤语 #正音 #本地佬 #Jyutping,现,jin6,贤,jin4,典,din2,贬,bin2,变,bin3,浅,cin2,怜,lin4,肩,gin1,建,gin3,弦,jin4
201,in,本地佬粤语正音: in 韵篇,"呢 10 个 in 韵常用字, 你平时有冇读错? 跟我一齐掌握标准粤拼! #粤语 #正音 #本地佬",#粤语 #正音 #本地佬 #Jyutping,线,sin3,练,lin6,荐,zin3,研,jin4,砚,jin6,面,min6,牵,hin1,战,zin3,显,hin2,咽,jin1
202,in,本地佬粤语正音: in 韵篇,"呢 10 个 in 韵常用字, 你平时有冇读错? 跟我一齐掌握标准粤拼! #粤语 #正音 #本地佬",#粤语 #正音 #本地佬 #Jyutping,贱,zin6,毡,zin1,便,bin6,衍,jin2,勉,min5,前,cin4,炼,lin6,宪,hin3,扁,bin2,莲,lin4
203,in,本地佬粤语正音: in 韵篇,"呢 10 个 in 韵常用字, 你平时有冇读错? 跟我一齐掌握标准粤拼! #粤语 #正音 #本地佬",#粤语 #正音 #本地佬 #Jyutping,眠,min4,唁,jin6,钱,cin4,健,gin6,烟,jin1,宴,jin3,扇,sin3,展,zin2,焉,jin4,掀,hin1
204,in,本地佬粤语正音: in 韵篇,"呢 10 个 in 韵常用字, 你平时有冇读错? 跟我一齐掌握标准粤拼! #粤语 #正音 #本地佬",#粤语 #正音 #本地佬 #Jyutping,匾,bin2,偏,pin1,阐,zin2,剪,zin2,淀,din6,谚,jin6,绵,min4,堰,jin2,棉,min4,践,cin5
205,in,本地佬粤语正音: in 韵篇,"呢 10 个 in 韵常用字, 你平时有冇读错? 跟我一齐掌握标准粤拼! #粤语 #正音 #本地佬",#粤语 #正音 #本地佬 #Jyutping,蜒,jin4,链,lin6,然,jin4,善,sin6,羡,sin6,奠,din6,溅,zin3,遍,pin3,缅,min5,骗,pin3
206,in,本地佬粤语正音: in 韵篇,"呢 10 个 in 韵常用字, 你平时有冇读错? 跟我一齐掌握标准粤拼! #粤语 #正音 #本地佬",#粤语 #正音 #本地佬 #Jyutping,编,pin1,填,tin4,献,hin3,碘,din2,遣,hin2,键,gin6,腺,sin3,煎,zin1,滇,tin4,殿,din6
207,in,本地佬粤语正音: in 韵篇,"呢 10 个 in 韵常用字, 你平时有冇读错? 跟我一齐掌握标准粤拼! #粤语 #正音 #本地佬",#粤语 #正音 #本地佬 #Jyutping,缠,cin4,辗,zin2,鲜,sin1,煽,sin3,演,jin2,撵,lin5,碾,zin2,蝙,pin1,箭,zin3,篇,pin1
208,in,本地佬粤语正音: in 韵篇,"呢 10 个 in 韵常用字, 你平时有冇读错? 跟我一齐掌握标准粤拼! #粤语 #正音 #本地佬",#粤语 #正音 #本地佬 #Jyutping,翩,pin1,谴,hin2,擅,sin6,燕,jin3,颠,din1,辨,bin6,辩,bin6,燃,jin4,赡,sin6,辫,bin1
209,ing,本地佬粤语正音: ing 韵篇,"呢 10 个 ing 韵常用字, 你平时有冇读错? 跟我一齐掌握标准粤拼! #粤语 #正音 #本地佬",#粤语 #正音 #本地佬 #Jyutping,丁,ding1,升,sing1,仍,jing4,订,ding3,认,jing6,正,zing3,扔,jing4,丙,bing2,叮,ding1,兄,hing1
210,ing,本地佬粤语正音: ing 韵篇,"呢 10 个 ing 韵常用字, 你平时有冇读错? 跟我一齐掌握标准粤拼! #粤语 #正音 #本地佬",#粤语 #正音 #本地佬 #Jyutping,另,ling6,皿,ming5,令,ling6,永,wing5,圣,sing3,刑,jing4,成,sing4,贞,zing1,廷,ting4,乒,bing1
211,ing,本地佬粤语正音: ing 韵篇,"呢 10 个 ing 韵常用字, 你平时有冇读错? 跟我一齐掌握标准粤拼! #粤语 #正音 #本地佬",#粤语 #正音 #本地佬 #Jyutping,冰,bing1,庆,hing3,并,bing6,兴,hing1,形,jing4,声,sing1,盯,ding1,呈,cing4,听,ting1,钉,ding1
212,ing,本地佬粤语正音: ing 韵篇,"呢 10 个 ing 韵常用字, 你平时有冇读错? 跟我一齐掌握标准粤拼! #粤语 #正音 #本地佬",#粤语 #正音 #本地佬 #Jyutping,兵,bing1,伶,ling4,迎,jing4,应,jing1,证,zing3,评,ping4,灵,ling4,劲,ging6,青,cing1,坪,ping4
213,ing,本地佬粤语正音: ing 韵篇,"呢 10 个 ing 韵常用字, 你平时有冇读错? 跟我一齐掌握标准粤拼! #粤语 #正音 #本地佬",#粤语 #正音 #本地佬 #Jyutping,顶,ding2,拎,ling1,拧,ning6,苹,ping4,英,jing1,顷,king2,明,ming4,鸣,ming4,咏,wing6,岭,ling4
214,ing,本地佬粤语正音: ing 韵篇,"呢 10 个 ing 韵常用字, 你平时有冇读错? 跟我一齐掌握标准粤拼! #粤语 #正音 #本地佬",#粤语 #正音 #本地佬 #Jyutping,秉,bing2,侦,zing1,征,zing1,径,ging3,狞,ning4,京,ging1,净,zing6,泞,ning6,泳,wing6,怔,zing1
215,ing,本地佬粤语正音: ing 韵篇,"呢 10 个 ing 韵常用字, 你平时有冇读错? 跟我一齐掌握标准粤拼! #粤语 #正音 #本地佬",#粤语 #正音 #本地佬 #Jyutping,性,sing3,定,ding6,诚,sing4,承,sing4,姓,sing3,经,ging1,玲,ling4,型,jing4,城,sing4,政,zing3
216,ing,本地佬粤语正音: ing 韵篇,"呢 10 个 ing 韵常用字, 你平时有冇读错? 跟我一齐掌握标准粤拼! #粤语 #正音 #本地佬",#粤语 #正音 #本地佬 #Jyutping,挺,ting5,拼,ping3,拯,cing2,荆,ging1,荣,wing4,荧,jing4,柠,ning4,轻,hing1,映,jing2,星,sing1
217,ing,本地佬粤语正音: ing 韵篇,"呢 10 个 ing 韵常用字, 你平时有冇读错? 跟我一齐掌握标准粤拼! #粤语 #正音 #本地佬",#粤语 #正音 #本地佬 #Jyutping,氢,hing1,亭,ting4,庭,ting4,屏,ping4,盈,jing4,莹,jing4,砰,ping1,逞,cing2,铃,ling4,乘,sing4
218,ing,本地佬粤语正音: ing 韵篇,"呢 10 个 ing 韵常用字, 你平时有冇读错? 跟我一齐掌握标准粤拼! #粤语 #正音 #本地佬",#粤语 #正音 #本地佬 #Jyutping,秤,cing3,称,cing1,倾,king1,卿,hing1,凌,ling4,症,zing3,竞,ging6,瓶,ping4,请,cing2,冥,ming5
219,ing,本地佬粤语正音: ing 韵篇,"呢 10 个 ing 韵常用字, 你平时有冇读错? 跟我一齐掌握标准粤拼! #粤语 #正音 #本地佬",#粤语 #正音 #本地佬 #Jyutping,陵,ling4,聆,ling4,菱,ling4,萍,ping4,萤,jing4,营,jing4,盛,sing6,婴,jing1,铭,ming4,停,ting4
220,ing,本地佬粤语正音: ing 韵篇,"呢 10 个 ing 韵常用字, 你平时有冇读错? 跟我一齐掌握标准粤拼! #粤语 #正音 #本地佬",#粤语 #正音 #本地佬 #Jyutping,领,ling5,竟,ging2,羚,ling4,清,cing1,情,cing4,惊,ging1,绳,sing4,琼,king4,敬,ging3,棱,ling4
221,ing,本地佬粤语正音: ing 韵篇,"呢 10 个 ing 韵常用字, 你平时有冇读错? 跟我一齐掌握标准粤拼! #粤语 #正音 #本地佬",#粤语 #正音 #本地佬 #Jyutping,晴,cing4,鼎,ding2,晶,zing1,景,ging2,蜓,ting4,剩,sing6,程,cing4,惩,cing4,猩,sing1,愣,ling6
222,ing,本地佬粤语正音: ing 韵篇,"呢 10 个 ing 韵常用字, 你平时有冇读错? 跟我一齐掌握标准粤拼! #粤语 #正音 #本地佬",#粤语 #正音 #本地佬 #Jyutping,聘,ping3,蒸,zing1,零,ling4,龄,ling4,睛,zing1,颖,wing6,靖,zing6,静,zing6,境,ging2,兢,ging1
223,ing,本地佬粤语正音: ing 韵篇,"呢 10 个 ing 韵常用字, 你平时有冇读错? 跟我一齐掌握标准粤拼! #粤语 #正音 #本地佬",#粤语 #正音 #本地佬 #Jyutping,蜻,cing1,蝇,jing4,精,zing1,樱,jing1,影,jing2,澄,cing4,擎,king4,整,zing2,鹦,jing1,鲸,king4
224,ing,本地佬粤语正音: ing 韵篇,"呢 10 个 ing 韵常用字, 你平时有冇读错? 跟我一齐掌握标准粤拼! #粤语 #正音 #本地佬",#粤语 #正音 #本地佬 #Jyutping,凝,jing4,赢,jing4,鹰,jing1,警,ging2,馨,hing1,,,,,,,,,,
225,ip,本地佬粤语正音: ip 韵篇,"呢 10 个 ip 韵常用字, 你平时有冇读错? 跟我一齐掌握标准粤拼! #粤语 #正音 #本地佬",#粤语 #正音 #本地佬 #Jyutping,业,jip6,叶,jip6,协,hip3,页,jip6,劫,gip3,帖,tip3,胁,hip3,怯,hip3,挟,hip3,贴,tip3
226,ip,本地佬粤语正音: ip 韵篇,"呢 10 个 ip 韵常用字, 你平时有冇读错? 跟我一齐掌握标准粤拼! #粤语 #正音 #本地佬",#粤语 #正音 #本地佬 #Jyutping,捏,nip6,聂,nip6,涉,sip3,涩,gip3,接,zip3,猎,lip6,谍,dip6,摄,sip3,叠,dip6,碟,dip6
227,it,本地佬粤语正音: it 韵篇,"呢 10 个 it 韵常用字, 你平时有冇读错? 跟我一齐掌握标准粤拼! #粤语 #正音 #本地佬",#粤语 #正音 #本地佬 #Jyutping,切,cit3,节,zit3,灭,mit6,必,bit1,列,lit6,舌,sit3,设,cit3,折,zit3,别,bit6,彻,cit3
228,it,本地佬粤语正音: it 韵篇,"呢 10 个 it 韵常用字, 你平时有冇读错? 跟我一齐掌握标准粤拼! #粤语 #正音 #本地佬",#粤语 #正音 #本地佬 #Jyutping,杰,git6,迭,dit6,泄,sit3,洁,git3,窃,sit3,结,git3,哲,zit3,热,jit6,烈,lit6,铁,tit3
229,it,本地佬粤语正音: it 韵篇,"呢 10 个 it 韵常用字, 你平时有冇读错? 跟我一齐掌握标准粤拼! #粤语 #正音 #本地佬",#粤语 #正音 #本地佬 #Jyutping,秩,dit6,浙,zit3,屑,sit3,捷,zit6,揭,kit3,裂,lit6,跌,dit3,睫,zit6,歇,hit3,截,zit6
230,it,本地佬粤语正音: it 韵篇,"呢 10 个 it 韵常用字, 你平时有冇读错? 跟我一齐掌握标准粤拼! #粤语 #正音 #本地佬",#粤语 #正音 #本地佬 #Jyutping,撇,pit3,蔑,mit6,竭,kit3,撤,cit3,瘪,bit6,憋,bit3,澈,cit3,薛,sit3,辙,cit3,鳖,bit3
231,iu,本地佬粤语正音: iu 韵篇,"呢 10 个 iu 韵常用字, 你平时有冇读错? 跟我一齐掌握标准粤拼! #粤语 #正音 #本地佬",#粤语 #正音 #本地佬 #Jyutping,刁,diu1,了,liu5,小,siu2,么,jiu1,少,siu2,夭,jiu1,叼,diu1,叫,giu3,鸟,niu5,辽,liu4
232,iu,本地佬粤语正音: iu 韵篇,"呢 10 个 iu 韵常用字, 你平时有冇读错? 跟我一齐掌握标准粤拼! #粤语 #正音 #本地佬",#粤语 #正音 #本地佬 #Jyutping,召,ziu6,尧,jiu4,吊,diu3,吆,jiu1,丢,diu1,乔,kiu4,兆,siu6,扰,jiu2,肖,ciu3,条,tiu4
233,iu,本地佬粤语正音: iu 韵篇,"呢 10 个 iu 韵常用字, 你平时有冇读错? 跟我一齐掌握标准粤拼! #粤语 #正音 #本地佬",#粤语 #正音 #本地佬 #Jyutping,疗,liu4,尿,niu6,妙,miu6,妖,jiu2,表,biu2,招,ziu1,苗,miu4,钓,diu3,侥,hiu1,侨,kiu4
234,iu,本地佬粤语正音: iu 韵篇,"呢 10 个 iu 韵常用字, 你平时有冇读错? 跟我一齐掌握标准粤拼! #粤语 #正音 #本地佬",#粤语 #正音 #本地佬 #Jyutping,庙,miu6,沼,ziu2,迢,tiu4,绍,siu6,赵,ziu6,挑,tiu1,标,biu1,要,jiu3,昭,ciu1,秒,miu5
235,iu,本地佬粤语正音: iu 韵篇,"呢 10 个 iu 韵常用字, 你平时有冇读错? 跟我一齐掌握标准粤拼! #粤语 #正音 #本地佬",#粤语 #正音 #本地佬 #Jyutping,俏,ciu3,饶,jiu4,浇,hiu1,娇,giu1,姚,jiu4,绕,jiu2,骄,giu1,桥,kiu4,轿,giu2,晓,hiu2
236,iu,本地佬粤语正音: iu 韵篇,"呢 10 个 iu 韵常用字, 你平时有冇读错? 跟我一齐掌握标准粤拼! #粤语 #正音 #本地佬",#粤语 #正音 #本地佬 #Jyutping,峭,ciu3,笑,siu3,舀,jiu5,料,liu2,烧,siu1,消,siu1,悄,ciu2,宵,siu1,窍,kiu3,调,diu6
237,iu,本地佬粤语正音: iu 韵篇,"呢 10 个 iu 韵常用字, 你平时有冇读错? 跟我一齐掌握标准粤拼! #粤语 #正音 #本地佬",#粤语 #正音 #本地佬 #Jyutping,描,miu4,掉,diu6,聊,liu4,萧,siu1,票,piu3,彪,biu1,啸,siu3,矫,giu2,窑,jiu4,超,ciu1
238,iu,本地佬粤语正音: iu 韵篇,"呢 10 个 iu 韵常用字, 你平时有冇读错? 跟我一齐掌握标准粤拼! #粤语 #正音 #本地佬",#粤语 #正音 #本地佬 #Jyutping,朝,ciu4,椒,ziu1,硝,siu1,翘,kiu4,销,siu1,焦,ziu1,渺,miu5,谣,jiu4,摇,jiu4,瞄,miu4
239,iu,本地佬粤语正音: iu 韵篇,"呢 10 个 iu 韵常用字, 你平时有冇读错? 跟我一齐掌握标准粤拼! #粤语 #正音 #本地佬",#粤语 #正音 #本地佬 #Jyutping,照,ziu3,跷,kiu5,跳,tiu3,遥,jiu4,腰,jiu1,剿,ziu2,锹,ciu1,箫,siu1,僚,liu4,潇,siu1
240,iu,本地佬粤语正音: iu 韵篇,"呢 10 个 iu 韵常用字, 你平时有冇读错? 跟我一齐掌握标准粤拼! #粤语 #正音 #本地佬",#粤语 #正音 #本地佬 #Jyutping,漂,piu1,寥,liu4,肇,siu6,撩,liu4,撬,giu6,蕉,ziu1,飘,piu1,霄,siu1,嘹,liu4,潮,ciu4
241,iu,本地佬粤语正音: iu 韵篇,"呢 10 个 iu 韵常用字, 你平时有冇读错? 跟我一齐掌握标准粤拼! #粤语 #正音 #本地佬",#粤语 #正音 #本地佬 #Jyutping,憔,ciu4,缭,liu4,瓢,piu4,邀,jiu1,雕,diu1,缴,giu2,藐,miu5,礁,ziu1,瞭,liu5,瞧,ciu4
242,ng,本地佬粤语正音: ng 韵篇,"呢 10 个 ng 韵常用字, 你平时有冇读错? 跟我一齐掌握标准粤拼! #粤语 #正音 #本地佬",#粤语 #正音 #本地佬 #Jyutping,五,ng5,午,ng5,伍,ng5,吾,ng4,吴,ng4,误,ng6,悟,ng6,梧,ng4,蜈,ng4,,
243,o,本地佬粤语正音: o 韵篇,"呢 10 个 o 韵常用字, 你平时有冇读错? 跟我一齐掌握标准粤拼! #粤语 #正音 #本地佬",#粤语 #正音 #本地佬 #Jyutping,个,go3,戈,gwo1,火,fo2,可,ho2,左,zo2,禾,wo4,过,gwo3,伙,fo2,朵,do2,多,do1
244,o,本地佬粤语正音: o 韵篇,"呢 10 个 o 韵常用字, 你平时有冇读错? 跟我一齐掌握标准粤拼! #粤语 #正音 #本地佬",#粤语 #正音 #本地佬 #Jyutping,讹,ngo4,驮,to4,助,zo6,我,ngo5,何,ho4,佐,zo3,坐,zo6,妥,to5,初,co1,阻,zo2
245,o,本地佬粤语正音: o 韵篇,"呢 10 个 o 韵常用字, 你平时有冇读错? 跟我一齐掌握标准粤拼! #粤语 #正音 #本地佬",#粤语 #正音 #本地佬 #Jyutping,坷,ho2,拖,to1,坡,bo1,苛,ho1,卧,ngo6,果,gwo2,呵,ho1,罗,lo4,和,wo4,货,fo3
246,o,本地佬粤语正音: o 韵篇,"呢 10 个 o 韵常用字, 你平时有冇读错? 跟我一齐掌握标准粤拼! #粤语 #正音 #本地佬",#粤语 #正音 #本地佬 #Jyutping,所,so2,河,ho4,波,bo1,驼,to4,玻,bo1,垛,do2,挪,no4,哆,do1,哟,jo1,科,fo1
247,o,本地佬粤语正音: o 韵篇,"呢 10 个 o 韵常用字, 你平时有冇读错? 跟我一齐掌握标准粤拼! #粤语 #正音 #本地佬",#粤语 #正音 #本地佬 #Jyutping,俄,ngo4,贺,ho6,挫,co3,荷,ho4,哥,go1,础,co2,破,po3,哦,o2,唆,so1,峨,ngo4
248,o,本地佬粤语正音: o 韵篇,"呢 10 个 o 韵常用字, 你平时有冇读错? 跟我一齐掌握标准粤拼! #粤语 #正音 #本地佬",#粤语 #正音 #本地佬 #Jyutping,鸵,to4,饿,ngo6,座,zo6,涡,wo1,课,fo3,娥,ngo4,琐,so2,萝,lo4,菠,bo1,梳,so1
249,o,本地佬粤语正音: o 韵篇,"呢 10 个 o 韵常用字, 你平时有冇读错? 跟我一齐掌握标准粤拼! #粤语 #正音 #本地佬",#粤语 #正音 #本地佬 #Jyutping,梭,so1,啰,lo1,唾,to3,逻,lo4,舵,to4,婆,po4,祸,wo6,堕,do6,颇,po2,搓,co1
250,o,本地佬粤语正音: o 韵篇,"呢 10 个 o 韵常用字, 你平时有冇读错? 跟我一齐掌握标准粤拼! #粤语 #正音 #本地佬",#粤语 #正音 #本地佬 #Jyutping,棵,fo2,椭,to5,锁,so2,锄,co4,锅,wo1,鹅,ngo4,惰,do6,窝,wo1,疏,so1,摸,mo2
251,o,本地佬粤语正音: o 韵篇,"呢 10 个 o 韵常用字, 你平时有冇读错? 跟我一齐掌握标准粤拼! #粤语 #正音 #本地佬",#粤语 #正音 #本地佬 #Jyutping,楚,co2,嗦,so1,跺,do2,蜗,wo1,蛾,ngo4,错,co3,锣,lo4,傻,so4,躲,do2,雏,co1
252,o,本地佬粤语正音: o 韵篇,"呢 10 个 o 韵常用字, 你平时有冇读错? 跟我一齐掌握标准粤拼! #粤语 #正音 #本地佬",#粤语 #正音 #本地佬 #Jyutping,馍,mo4,裸,lo2,歌,go1,颗,fo2,箩,lo4,裹,gwo2,播,bo3,蔬,so1,蝌,fo1,摩,mo1
253,o,本地佬粤语正音: o 韵篇,"呢 10 个 o 韵常用字, 你平时有冇读错? 跟我一齐掌握标准粤拼! #粤语 #正音 #本地佬",#粤语 #正音 #本地佬 #Jyutping,磨,mo4,螺,lo4,懦,no6,蘑,mo4,簸,bo3,魔,mo1,糯,no6,,,,,,
254,oek,本地佬粤语正音: oek 韵篇,"呢 10 个 oek 韵常用字, 你平时有冇读错? 跟我一齐掌握标准粤拼! #粤语 #正音 #本地佬",#粤语 #正音 #本地佬 #Jyutping,勺,zoek3,曰,joek6,约,joek3,却,koek3,灼,coek3,若,joek6,卓,coek3,疟,joek6,药,joek6,虐,joek6
255,oek,本地佬粤语正音: oek 韵篇,"呢 10 个 oek 韵常用字, 你平时有冇读错? 跟我一齐掌握标准粤拼! #粤语 #正音 #本地佬",#粤语 #正音 #本地佬 #Jyutping,削,soek3,钥,joek6,烁,soek3,酌,zoek3,桌,coek3,弱,joek6,掠,loek6,著,zoek6,雀,zoek3,啄,doek3
256,oek,本地佬粤语正音: oek 韵篇,"呢 10 个 oek 韵常用字, 你平时有冇读错? 跟我一齐掌握标准粤拼! #粤语 #正音 #本地佬",#粤语 #正音 #本地佬 #Jyutping,跃,joek6,略,loek6,脚,goek3,着,zoek6,绰,coek3,琢,doek3,鹊,zoek3,爵,zoek3,戳,coek3,嚼,zoek3
257,oeng,本地佬粤语正音: oeng 韵篇,"呢 10 个 oeng 韵常用字, 你平时有冇读错? 跟我一齐掌握标准粤拼! #粤语 #正音 #本地佬",#粤语 #正音 #本地佬 #Jyutping,丈,zoeng6,上,soeng6,乡,hoeng1,长,coeng4,双,soeng1,央,joeng1,仗,zoeng6,让,joeng6,场,coeng4,扬,joeng4
258,oeng,本地佬粤语正音: oeng 韵篇,"呢 10 个 oeng 韵常用字, 你平时有冇读错? 跟我一齐掌握标准粤拼! #粤语 #正音 #本地佬",#粤语 #正音 #本地佬 #Jyutping,匠,zoeng6,伤,soeng1,仰,joeng5,向,hoeng3,羊,joeng4,阳,joeng4,抢,coeng2,杖,zoeng6,杨,joeng4,两,loeng5
259,oeng,本地佬粤语正音: oeng 韵篇,"呢 10 个 oeng 韵常用字, 你平时有冇读错? 跟我一齐掌握标准粤拼! #粤语 #正音 #本地佬",#粤语 #正音 #本地佬 #Jyutping,呛,coeng1,帐,zoeng3,肠,coeng4,良,loeng4,张,zoeng1,枪,coeng1,尚,soeng6,昌,coeng1,畅,coeng3,账,zoeng3
260,oeng,本地佬粤语正音: oeng 韵篇,"呢 10 个 oeng 韵常用字, 你平时有冇读错? 跟我一齐掌握标准粤拼! #粤语 #正音 #本地佬",#粤语 #正音 #本地佬 #Jyutping,胀,zoeng3,享,hoeng2,详,coeng4,相,soeng1,殃,joeng1,尝,soeng4,响,hoeng2,香,hoeng1,俩,loeng5,将,zoeng1
261,oeng,本地佬粤语正音: oeng 韵篇,"呢 10 个 oeng 韵常用字, 你平时有冇读错? 跟我一齐掌握标准粤拼! #粤语 #正音 #本地佬",#粤语 #正音 #本地佬 #Jyutping,奖,zoeng2,亮,loeng6,养,joeng5,姜,goeng1,洋,joeng4,样,joeng4,晌,hoeng2,鸯,joeng1,氧,joeng5,秧,joeng1
262,oeng,本地佬粤语正音: oeng 韵篇,"呢 10 个 oeng 韵常用字, 你平时有冇读错? 跟我一齐掌握标准粤拼! #粤语 #正音 #本地佬",#粤语 #正音 #本地佬 #Jyutping,倡,coeng1,桨,zoeng2,浆,zoeng1,凉,loeng4,涨,zoeng2,祥,coeng4,谅,loeng6,娘,noeng4,厢,soeng1,辆,loeng6
263,oeng,本地佬粤语正音: oeng 韵篇,"呢 10 个 oeng 韵常用字, 你平时有冇读错? 跟我一齐掌握标准粤拼! #粤语 #正音 #本地佬",#粤语 #正音 #本地佬 #Jyutping,常,soeng4,唱,coeng3,偿,soeng4,象,zoeng6,猖,coeng1,痒,joeng4,章,zoeng1,商,soeng1,梁,loeng4,蒋,zoeng1
264,oeng,本地佬粤语正音: oeng 韵篇,"呢 10 个 oeng 韵常用字, 你平时有冇读错? 跟我一齐掌握标准粤拼! #粤语 #正音 #本地佬",#粤语 #正音 #本地佬 #Jyutping,赏,soeng2,掌,zoeng2,量,loeng4,翔,coeng4,湘,soeng1,窗,coeng1,强,koeng4,想,soeng2,像,zoeng6,酱,zoeng3
265,oeng,本地佬粤语正音: oeng 韵篇,"呢 10 个 oeng 韵常用字, 你平时有冇读错? 跟我一齐掌握标准粤拼! #粤语 #正音 #本地佬",#粤语 #正音 #本地佬 #Jyutping,粮,loeng4,粱,loeng4,障,zoeng3,墙,coeng4,酿,joeng6,裳,soeng4,彰,zoeng1,漾,joeng6,橡,zoeng6,樟,zoeng1
266,oeng,本地佬粤语正音: oeng 韵篇,"呢 10 个 oeng 韵常用字, 你平时有冇读错? 跟我一齐掌握标准粤拼! #粤语 #正音 #本地佬",#粤语 #正音 #本地佬 #Jyutping,箱,soeng1,僵,goeng1,缰,goeng1,霜,soeng1,疆,goeng1,壤,joeng6,嚷,joeng6,镶,soeng1,,,,
267,oi,本地佬粤语正音: oi 韵篇,"呢 10 个 oi 韵常用字, 你平时有冇读错? 跟我一齐掌握标准粤拼! #粤语 #正音 #本地佬",#粤语 #正音 #本地佬 #Jyutping,才,coi4,开,hoi1,丐,koi3,内,noi6,代,doi6,外,ngoi6,台,toi4,再,zoi3,在,zoi6,亥,hoi6
268,oi,本地佬粤语正音: oi 韵篇,"呢 10 个 oi 韵常用字, 你平时有冇读错? 跟我一齐掌握标准粤拼! #粤语 #正音 #本地佬",#粤语 #正音 #本地佬 #Jyutping,材,coi4,来,loi4,呆,ngoi4,财,coi4,灾,zoi1,改,goi2,抬,toi4,苔,toi4,奈,noi6,凯,hoi2
269,oi,本地佬粤语正音: oi 韵篇,"呢 10 个 oi 韵常用字, 你平时有冇读错? 跟我一齐掌握标准粤拼! #粤语 #正音 #本地佬",#粤语 #正音 #本地佬 #Jyutping,采,coi2,该,goi1,哉,zoi1,耐,noi6,钙,koi3,待,doi6,胎,toi1,哀,oi1,怠,toi5,栽,zoi1
270,oi,本地佬粤语正音: oi 韵篇,"呢 10 个 oi 韵常用字, 你平时有冇读错? 跟我一齐掌握标准粤拼! #粤语 #正音 #本地佬",#粤语 #正音 #本地佬 #Jyutping,载,zoi3,莱,loi4,爱,oi3,海,hoi2,害,hoi6,宰,zoi2,菜,coi3,袋,doi6,彩,coi2,盖,goi3
271,oi,本地佬粤语正音: oi 韵篇,"呢 10 个 oi 韵常用字, 你平时有冇读错? 跟我一齐掌握标准粤拼! #粤语 #正音 #本地佬",#粤语 #正音 #本地佬 #Jyutping,裁,coi4,睐,loi6,溉,koi3,慨,koi3,概,koi3,碍,ngoi6,睬,coi2,腮,soi1,蔡,coi3,蔼,oi2
272,ok,本地佬粤语正音: ok 韵篇,"呢 10 个 ok 韵常用字, 你平时有冇读错? 跟我一齐掌握标准粤拼! #粤语 #正音 #本地佬",#粤语 #正音 #本地佬 #Jyutping,扑,bok1,乐,lok6,托,tok3,扩,kwok3,朴,pok3,各,gok3,壳,hok3,作,zok3,角,gok3,驳,bok3
273,ok,本地佬粤语正音: ok 韵篇,"呢 10 个 ok 韵常用字, 你平时有冇读错? 跟我一齐掌握标准粤拼! #粤语 #正音 #本地佬",#粤语 #正音 #本地佬 #Jyutping,拓,tok3,国,gwok3,岳,ngok6,学,hok6,昨,zok3,阁,gok3,洛,lok3,觉,gok3,骆,lok3,络,lok3
274,ok,本地佬粤语正音: ok 韵篇,"呢 10 个 ok 韵常用字, 你平时有冇读错? 跟我一齐掌握标准粤拼! #粤语 #正音 #本地佬",#粤语 #正音 #本地佬 #Jyutping,莫,mok6,获,wok6,恶,ok3,索,sok3,郭,gwok3,烙,lok3,诺,nok6,剥,mok1,鄂,ngok6,舶,bok6
275,ok,本地佬粤语正音: ok 韵篇,"呢 10 个 ok 韵常用字, 你平时有冇读错? 跟我一齐掌握标准粤拼! #粤语 #正音 #本地佬",#粤语 #正音 #本地佬 #Jyutping,博,bok3,搁,gok3,落,lok6,确,kok3,凿,zok6,愕,ngok6,搏,bok3,幕,mok6,酪,lok3,雹,bok6
276,ok,本地佬粤语正音: ok 韵篇,"呢 10 个 ok 韵常用字, 你平时有冇读错? 跟我一齐掌握标准粤拼! #粤语 #正音 #本地佬",#粤语 #正音 #本地佬 #Jyutping,廓,gwok3,漠,mok6,寞,mok6,缚,bok3,膜,mok6,膊,bok3,鹤,hok6,薄,bok6,噩,ngok6,霍,fok3
277,on,本地佬粤语正音: on 韵篇,"呢 10 个 on 韵常用字, 你平时有冇读错? 跟我一齐掌握标准粤拼! #粤语 #正音 #本地佬",#粤语 #正音 #本地佬 #Jyutping,厂,hon3,干,gon1,刊,hon2,汉,hon3,汗,hon6,安,on1,杆,gon1,旱,hon5,肝,gon1,罕,hon2
278,on,本地佬粤语正音: on 韵篇,"呢 10 个 on 韵常用字, 你平时有冇读错? 跟我一齐掌握标准粤拼! #粤语 #正音 #本地佬",#粤语 #正音 #本地佬 #Jyutping,岸,ngon6,秆,gon2,按,on3,看,hon3,竿,gon1,赶,gon2,捍,hon6,氨,on1,悍,hon5,案,on3
279,on,本地佬粤语正音: on 韵篇,"呢 10 个 on 韵常用字, 你平时有冇读错? 跟我一齐掌握标准粤拼! #粤语 #正音 #本地佬",#粤语 #正音 #本地佬 #Jyutping,乾,gon1,焊,hon6,韩,hon4,寒,hon4,鞍,on1,翰,hon6,,,,,,,,
280,ong,本地佬粤语正音: ong 韵篇,"呢 10 个 ong 韵常用字, 你平时有冇读错? 跟我一齐掌握标准粤拼! #粤语 #正音 #本地佬",#粤语 #正音 #本地佬 #Jyutping,广,gwong2,亡,mong4,王,wong4,冈,gong1,仓,cong1,亢,kong3,方,fong1,夯,kong3,邦,bong1,扛,gong1
281,ong,本地佬粤语正音: ong 韵篇,"呢 10 个 ong 韵常用字, 你平时有冇读错? 跟我一齐掌握标准粤拼! #粤语 #正音 #本地佬",#粤语 #正音 #本地佬 #Jyutping,芒,mong4,光,gwong1,当,dong1,刚,gong1,网,mong5,仿,fong2,创,cong3,壮,zong3,妆,zong1,庄,zong1
282,ong,本地佬粤语正音: ong 韵篇,"呢 10 个 ong 韵常用字, 你平时有冇读错? 跟我一齐掌握标准粤拼! #粤语 #正音 #本地佬",#粤语 #正音 #本地佬 #Jyutping,妄,mong5,闯,cong2,江,gong1,汤,tong1,忙,mong4,讲,gong2,访,fong2,防,fong4,抗,kong3,坊,fong1
283,ong,本地佬粤语正音: ong 韵篇,"呢 10 个 ong 韵常用字, 你平时有冇读错? 跟我一齐掌握标准粤拼! #粤语 #正音 #本地佬",#粤语 #正音 #本地佬 #Jyutping,苍,cong1,芳,fong1,杠,gong3,旷,kwong3,吭,hong4,岗,gong1,肛,gong1,狂,kwong4,状,zong6,况,fong3
284,ong,本地佬粤语正音: ong 韵篇,"呢 10 个 ong 韵常用字, 你平时有冇读错? 跟我一齐掌握标准粤拼! #粤语 #正音 #本地佬",#粤语 #正音 #本地佬 #Jyutping,床,cong4,忘,mong4,汪,wong1,沧,cong1,妨,fong4,纲,gong1,纺,fong2,枉,wong2,杭,hong4,丧,song1
285,ong,本地佬粤语正音: ong 韵篇,"呢 10 个 ong 韵常用字, 你平时有冇读错? 跟我一齐掌握标准粤拼! #粤语 #正音 #本地佬",#粤语 #正音 #本地佬 #Jyutping,矿,kong3,旺,wong6,昂,ngong4,往,wong5,肮,hong4,肪,fong1,庞,pong4,放,fong3,炕,kong3,郎,long4
286,ong,本地佬粤语正音: ong 韵篇,"呢 10 个 ong 韵常用字, 你平时有冇读错? 跟我一齐掌握标准粤拼! #粤语 #正音 #本地佬",#粤语 #正音 #本地佬 #Jyutping,房,fong4,降,gong3,帮,bong1,项,hong6,挡,dong2,巷,hong6,荒,fong1,茫,mong4,荡,dong6,钢,gong3
287,ong,本地佬粤语正音: ong 韵篇,"呢 10 个 ong 韵常用字, 你平时有冇读错? 跟我一齐掌握标准粤拼! #粤语 #正音 #本地佬",#粤语 #正音 #本地佬 #Jyutping,缸,gong1,皇,wong4,疮,cong1,恍,fong2,绑,bong2,莽,mong5,梆,bong1,档,dong2,桩,zong1,党,dong2
288,ong,本地佬粤语正音: ong 韵篇,"呢 10 个 ong 韵常用字, 你平时有冇读错? 跟我一齐掌握标准粤拼! #粤语 #正音 #本地佬",#粤语 #正音 #本地佬 #Jyutping,晃,fong2,蚌,pong5,赃,zong1,倘,tong2,舱,cong1,航,hong4,脏,zong1,狼,long4,唐,tong4,旁,pong4
289,ong,本地佬粤语正音: ong 韵篇,"呢 10 个 ong 韵常用字, 你平时有冇读错? 跟我一齐掌握标准粤拼! #粤语 #正音 #本地佬",#粤语 #正音 #本地佬 #Jyutping,浪,long6,烫,tong3,朗,long5,桑,song1,琅,long4,黄,wong4,爽,song2,堂,tong4,铛,dong1,凰,wong4
290,ong,本地佬粤语正音: ong 韵篇,"呢 10 个 ong 韵常用字, 你平时有冇读错? 跟我一齐掌握标准粤拼! #粤语 #正音 #本地佬",#粤语 #正音 #本地佬 #Jyutping,廊,long4,康,hong1,望,mong6,淌,tong2,谎,fong1,葬,zong3,榔,long4,敞,cong2,棠,tong4,晾,long6
291,ong,本地佬粤语正音: ong 韵篇,"呢 10 个 ong 韵常用字, 你平时有冇读错? 跟我一齐掌握标准粤拼! #粤语 #正音 #本地佬",#粤语 #正音 #本地佬 #Jyutping,筐,hong1,傍,bong6,腔,hong1,装,zong1,港,gong2,慌,fong1,惶,wong4,谤,pong3,塘,tong4,嗓,song1
292,ong,本地佬粤语正音: ong 韵篇,"呢 10 个 ong 韵常用字, 你平时有冇读错? 跟我一齐掌握标准粤拼! #粤语 #正音 #本地佬",#粤语 #正音 #本地佬 #Jyutping,幌,fong2,煌,wong4,榜,bong2,膀,bong2,慷,hong2,趟,tong3,撞,zong6,磅,bong6,蝗,wong4,镑,bong6
293,ong,本地佬粤语正音: ong 韵篇,"呢 10 个 ong 韵常用字, 你平时有冇读错? 跟我一齐掌握标准粤拼! #粤语 #正音 #本地佬",#粤语 #正音 #本地佬 #Jyutping,躺,tong2,膛,tong4,螃,pong4,糖,tong4,藏,cong4,簧,wong4,糠,hong1,囊,nong4,瓤,nong4,,
294,ot,本地佬粤语正音: ot 韵篇,"呢 10 个 ot 韵常用字, 你平时有冇读错? 跟我一齐掌握标准粤拼! #粤语 #正音 #本地佬",#粤语 #正音 #本地佬 #Jyutping,葛,got3,喝,hot3,渴,hot3,割,got3,褐,hot3,蝎,hot3,,,,,,,,
295,u,本地佬粤语正音: u 韵篇,"呢 10 个 u 韵常用字, 你平时有冇读错? 跟我一齐掌握标准粤拼! #粤语 #正音 #本地佬",#粤语 #正音 #本地佬 #Jyutping,夫,fu1,互,wu6,父,fu6,乌,wu1,户,wu6,古,gu2,付,fu6,乎,fu4,芋,wu6,负,fu6
296,u,本地佬粤语正音: u 韵篇,"呢 10 个 u 韵常用字, 你平时有冇读错? 跟我一齐掌握标准粤拼! #粤语 #正音 #本地佬",#粤语 #正音 #本地佬 #Jyutping,污,wu1,妇,fu5,扶,fu4,抚,fu2,护,wu6,芙,fu4,甫,fu2,呜,wu1,估,gu2,库,fu3
297,u,本地佬粤语正音: u 韵篇,"呢 10 个 u 韵常用字, 你平时有冇读错? 跟我一齐掌握标准粤拼! #粤语 #正音 #本地佬",#粤语 #正音 #本地佬 #Jyutping,沪,wu6,附,fu6,苦,fu2,虎,fu2,咕,gu1,固,gu3,咐,fu3,呼,fu1,斧,fu2,肤,fu1
298,u,本地佬粤语正音: u 韵篇,"呢 10 个 u 韵常用字, 你平时有冇读错? 跟我一齐掌握标准粤拼! #粤语 #正音 #本地佬",#粤语 #正音 #本地佬 #Jyutping,股,gu2,狐,wu4,府,fu2,沽,gu1,弧,wu4,孤,gu1,姑,gu1,赴,fu6,故,gu3,胡,wu4
299,u,本地佬粤语正音: u 韵篇,"呢 10 个 u 韵常用字, 你平时有冇读错? 跟我一齐掌握标准粤拼! #粤语 #正音 #本地佬",#粤语 #正音 #本地佬 #Jyutping,枯,fu1,俘,fu1,捂,wu2,壶,wu4,顾,gu3,俯,fu2,菇,gu1,副,fu3,辅,fu6,唬,fu2
300,u,本地佬粤语正音: u 韵篇,"呢 10 个 u 韵常用字, 你平时有冇读错? 跟我一齐掌握标准粤拼! #粤语 #正音 #本地佬",#粤语 #正音 #本地佬 #Jyutping,符,fu4,脯,fu2,葫,wu4,辜,gu1,赋,fu3,傅,fu6,湖,wu4,富,fu3,雇,gu3,裤,fu3
301,u,本地佬粤语正音: u 韵篇,"呢 10 个 u 韵常用字, 你平时有冇读错? 跟我一齐掌握标准粤拼! #粤语 #正音 #本地佬",#粤语 #正音 #本地佬 #Jyutping,鼓,gu2,孵,fu1,腐,fu6,敷,fu1,蝴,wu4,糊,wu4,,,,,,,,
302,ui,本地佬粤语正音: ui 韵篇,"呢 10 个 ui 韵常用字, 你平时有冇读错? 跟我一齐掌握标准粤拼! #粤语 #正音 #本地佬",#粤语 #正音 #本地佬 #Jyutping,贝,bui3,汇,wui6,灰,fui1,回,wui4,会,wui6,坏,pui1,每,mui5,狈,bui3,沛,pui3,玫,mui4
303,ui,本地佬粤语正音: ui 韵篇,"呢 10 个 ui 韵常用字, 你平时有冇读错? 跟我一齐掌握标准粤拼! #粤语 #正音 #本地佬",#粤语 #正音 #本地佬 #Jyutping,坯,pui1,杯,bui1,枚,mui4,佩,pui3,妹,mui6,背,bui3,昧,mui6,徊,wui4,胚,pui1,恢,fui1
304,ui,本地佬粤语正音: ui 韵篇,"呢 10 个 ui 韵常用字, 你平时有冇读错? 跟我一齐掌握标准粤拼! #粤语 #正音 #本地佬",#粤语 #正音 #本地佬 #Jyutping,诲,fui3,绘,kui2,配,pui3,贿,kui2,倍,pui5,悖,bui6,悔,fui3,陪,pui4,培,pui4,梅,mui4
305,ui,本地佬粤语正音: ui 韵篇,"呢 10 个 ui 韵常用字, 你平时有冇读错? 跟我一齐掌握标准粤拼! #粤语 #正音 #本地佬",#粤语 #正音 #本地佬 #Jyutping,晦,fui3,偎,wui1,徘,pui4,辈,bui3,赔,pui4,溃,kui2,媒,mui4,魁,fui1,煤,mui4,霉,mui4
306,uk,本地佬粤语正音: uk 韵篇,"呢 10 个 uk 韵常用字, 你平时有冇读错? 跟我一齐掌握标准粤拼! #粤语 #正音 #本地佬",#粤语 #正音 #本地佬 #Jyutping,卜,buk1,木,muk6,仆,puk1,六,luk6,玉,juk6,目,muk6,曲,kuk1,肉,juk6,竹,zuk1,伏,fuk6
307,uk,本地佬粤语正音: uk 韵篇,"呢 10 个 uk 韵常用字, 你平时有冇读错? 跟我一齐掌握标准粤拼! #粤语 #正音 #本地佬",#粤语 #正音 #本地佬 #Jyutping,旭,juk1,束,cuk1,足,zuk1,秃,tuk1,谷,guk1,沐,muk6,沃,juk1,局,guk6,陆,luk6,郁,juk1
308,uk,本地佬粤语正音: uk 韵篇,"呢 10 个 uk 韵常用字, 你平时有冇读错? 跟我一齐掌握标准粤拼! #粤语 #正音 #本地佬",#粤语 #正音 #本地佬 #Jyutping,叔,suk1,牧,muk6,服,fuk6,育,juk6,肃,suk1,录,luk6,毒,duk6,轴,zuk6,复,fuk6,促,cuk1
309,uk,本地佬粤语正音: uk 韵篇,"呢 10 个 uk 韵常用字, 你平时有冇读错? 跟我一齐掌握标准粤拼! #粤语 #正音 #本地佬",#粤语 #正音 #本地佬 #Jyutping,俗,zuk6,独,duk6,狱,juk6,浊,zuk6,祝,zuk1,屋,uk1,捉,zuk1,速,cuk1,辱,juk6,逐,zuk6
310,uk,本地佬粤语正音: uk 韵篇,"呢 10 个 uk 韵常用字, 你平时有冇读错? 跟我一齐掌握标准粤拼! #粤语 #正音 #本地佬",#粤语 #正音 #本地佬 #Jyutping,哭,huk1,畜,cuk1,烛,zuk1,浴,juk6,读,duk6,菊,guk1,欲,juk6,鹿,luk6,族,zuk6,淑,suk6
311,uk,本地佬粤语正音: uk 韵篇,"呢 10 个 uk 韵常用字, 你平时有冇读错? 跟我一齐掌握标准粤拼! #粤语 #正音 #本地佬",#粤语 #正音 #本地佬 #Jyutping,宿,suk1,袱,fuk6,续,zuk6,绿,luk6,粟,suk1,幅,fuk1,赎,suk6,氯,luk6,筑,zuk1,禄,luk6
312,uk,本地佬粤语正音: uk 韵篇,"呢 10 个 uk 韵常用字, 你平时有冇读错? 跟我一齐掌握标准粤拼! #粤语 #正音 #本地佬",#粤语 #正音 #本地佬 #Jyutping,属,suk6,粥,zuk1,蓄,cuk1,碌,luk1,辐,fuk1,督,duk1,睦,muk6,蜀,suk6,腹,fuk1,触,zuk1
313,uk,本地佬粤语正音: uk 韵篇,"呢 10 个 uk 韵常用字, 你平时有冇读错? 跟我一齐掌握标准粤拼! #粤语 #正音 #本地佬",#粤语 #正音 #本地佬 #Jyutping,福,fuk1,酷,huk6,缩,suk1,蝠,fuk1,嘱,zuk1,熟,suk6,褥,juk6,穆,muk6,鞠,guk1,瞩,zuk1
314,uk,本地佬粤语正音: uk 韵篇,"呢 10 个 uk 韵常用字, 你平时有冇读错? 跟我一齐掌握标准粤拼! #粤语 #正音 #本地佬",#粤语 #正音 #本地佬 #Jyutping,簇,cuk1,覆,fuk1,瀑,buk6,曝,buk6,矗,cuk1,,,,,,,,,,
315,un,本地佬粤语正音: un 韵篇,"呢 10 个 un 韵常用字, 你平时有冇读错? 跟我一齐掌握标准粤拼! #粤语 #正音 #本地佬",#粤语 #正音 #本地佬 #Jyutping,门,mun4,本,bun2,们,mun4,半,bun3,观,gun1,欢,fun1,伴,bun6,闷,mun6,判,pun3,拌,bun6
316,un,本地佬粤语正音: un 韵篇,"呢 10 个 un 韵常用字, 你平时有冇读错? 跟我一齐掌握标准粤拼! #粤语 #正音 #本地佬",#粤语 #正音 #本地佬 #Jyutping,官,gun1,绊,bun6,贯,gun3,盆,pun4,胖,bun6,叛,bun6,冠,gun3,换,wun6,畔,bun6,唤,wun6
317,un,本地佬粤语正音: un 韵篇,"呢 10 个 un 韵常用字, 你平时有冇读错? 跟我一齐掌握标准粤拼! #粤语 #正音 #本地佬",#粤语 #正音 #本地佬 #Jyutping,般,bun1,涣,wun6,宽,fun1,盘,pun4,馆,gun2,焕,wun6,款,fun2,援,wun4,棺,gun1,皖,wun2
318,un,本地佬粤语正音: un 韵篇,"呢 10 个 un 韵常用字, 你平时有冇读错? 跟我一齐掌握标准粤拼! #粤语 #正音 #本地佬",#粤语 #正音 #本地佬 #Jyutping,腕,wun2,痪,wun6,缓,wun6,搬,bun1,碗,wun2,满,mun5,管,gun2,豌,wun1,瞒,mun4,潘,pun1
319,ung,本地佬粤语正音: ung 韵篇,"呢 10 个 ung 韵常用字, 你平时有冇读错? 跟我一齐掌握标准粤拼! #粤语 #正音 #本地佬",#粤语 #正音 #本地佬 #Jyutping,工,gung1,弓,gung1,丰,fung1,中,zung1,从,cung4,凶,hung1,公,gung1,风,fung1,凤,fung6,冗,jung2
320,ung,本地佬粤语正音: ung 韵篇,"呢 10 个 ung 韵常用字, 你平时有冇读错? 跟我一齐掌握标准粤拼! #粤语 #正音 #本地佬",#粤语 #正音 #本地佬 #Jyutping,孔,hung2,功,gung1,龙,lung4,东,dung1,丛,cung4,用,jung6,匆,cung1,冬,dung1,冯,fung4,戎,jung4
321,ung,本地佬粤语正音: ung 韵篇,"呢 10 个 ung 韵常用字, 你平时有冇读错? 跟我一齐掌握标准粤拼! #粤语 #正音 #本地佬",#粤语 #正音 #本地佬 #Jyutping,动,dung6,巩,gung2,共,gung6,虫,cung4,同,tung4,仲,zung6,众,zung3,匈,hung1,冲,cung1,充,cung1
322,ung,本地佬粤语正音: ung 韵篇,"呢 10 个 ung 韵常用字, 你平时有冇读错? 跟我一齐掌握标准粤拼! #粤语 #正音 #本地佬",#粤语 #正音 #本地佬 #Jyutping,讼,zung6,农,nung4,讽,fung3,红,hung4,弄,lung6,贡,gung3,汞,hung3,攻,gung1,佣,jung2,囱,tung1
323,ung,本地佬粤语正音: ung 韵篇,"呢 10 个 ung 韵常用字, 你平时有冇读错? 跟我一齐掌握标准粤拼! #粤语 #正音 #本地佬",#粤语 #正音 #本地佬 #Jyutping,彤,tung4,冻,dung3,汹,hung1,宋,sung3,穷,kung4,纵,zung3,奉,fung6,拢,lung5,拥,jung2,松,cung4
324,ung,本地佬粤语正音: ung 韵篇,"呢 10 个 ung 韵常用字, 你平时有冇读错? 跟我一齐掌握标准粤拼! #粤语 #正音 #本地佬",#粤语 #正音 #本地佬 #Jyutping,枫,fung1,垄,lung5,咙,lung4,忠,zung1,供,gung1,肿,zung2,宗,zung1,宠,cung2,空,hung1,终,zung1
325,ung,本地佬粤语正音: ung 韵篇,"呢 10 个 ung 韵常用字, 你平时有冇读错? 跟我一齐掌握标准粤拼! #粤语 #正音 #本地佬",#粤语 #正音 #本地佬 #Jyutping,封,fung1,拱,gung2,茸,jung4,栋,dung6,哄,hung3,虹,hung4,钟,zung1,种,cung4,重,cung5,胧,lung4
326,ung,本地佬粤语正音: ung 韵篇,"呢 10 个 ung 韵常用字, 你平时有冇读错? 跟我一齐掌握标准粤拼! #粤语 #正音 #本地佬",#粤语 #正音 #本地佬 #Jyutping,疯,fung1,送,sung3,总,zung2,洪,hung4,洞,dung6,浓,nung4,宫,gung1,诵,zung6,勇,jung5,绒,jung2
327,ung,本地佬粤语正音: ung 韵篇,"呢 10 个 ung 韵常用字, 你平时有冇读错? 跟我一齐掌握标准粤拼! #粤语 #正音 #本地佬",#粤语 #正音 #本地佬 #Jyutping,统,tung2,恐,hung2,捅,tung2,恭,gung1,桐,tung4,蚣,gung1,峰,fung1,躬,gung1,耸,sung2,颂,zung6
328,ung,本地佬粤语正音: ung 韵篇,"呢 10 个 ung 韵常用字, 你平时有冇读错? 跟我一齐掌握标准粤拼! #粤语 #正音 #本地佬",#粤语 #正音 #本地佬 #Jyutping,翁,jung1,胸,hung1,脓,nung4,逢,fung4,衷,cung1,烘,hung3,涌,cung1,容,jung4,通,tung1,捧,pung2
329,ung,本地佬粤语正音: ung 韵篇,"呢 10 个 ung 韵常用字, 你平时有冇读错? 跟我一齐掌握标准粤拼! #粤语 #正音 #本地佬",#粤语 #正音 #本地佬 #Jyutping,控,hung3,梦,mung6,桶,tung2,聋,lung4,崇,sung4,铜,tung4,笼,lung4,庸,jung4,鸿,hung4,隆,lung4
330,ung,本地佬粤语正音: ung 韵篇,"呢 10 个 ung 韵常用字, 你平时有冇读错? 跟我一齐掌握标准粤拼! #粤语 #正音 #本地佬",#粤语 #正音 #本地佬 #Jyutping,综,zung1,董,dung2,葱,cung1,棕,zung1,雄,hung4,锋,fung1,筒,tung4,痛,tung3,童,tung4,蓬,pung4
331,ung,本地佬粤语正音: ung 韵篇,"呢 10 个 ung 韵常用字, 你平时有冇读错? 跟我一齐掌握标准粤拼! #粤语 #正音 #本地佬",#粤语 #正音 #本地佬 #Jyutping,蓉,jung4,蒙,mung4,碰,pung3,蜂,fung1,嗡,jung1,溶,jung4,缝,fung4,榕,jung4,踊,jung2,熔,jung4
332,ung,本地佬粤语正音: ung 韵篇,"呢 10 个 ung 韵常用字, 你平时有冇读错? 跟我一齐掌握标准粤拼! #粤语 #正音 #本地佬",#粤语 #正音 #本地佬 #Jyutping,熊,hung4,聪,cung1,踪,zung1,幢,dung6,懂,dung2,融,jung4,篷,pung4,窿,lung1,檬,mung1,瞳,tung4
333,ut,本地佬粤语正音: ut 韵篇,"呢 10 个 ut 韵常用字, 你平时有冇读错? 跟我一齐掌握标准粤拼! #粤语 #正音 #本地佬",#粤语 #正音 #本地佬 #Jyutping,末,mut6,没,mut6,抹,mut3,拨,but6,茉,mut6,沫,mut6,泼,put3,括,kut3,勃,but6,适,kut3
334,ut,本地佬粤语正音: ut 韵篇,"呢 10 个 ut 韵常用字, 你平时有冇读错? 跟我一齐掌握标准粤拼! #粤语 #正音 #本地佬",#粤语 #正音 #本地佬 #Jyutping,活,wut6,袜,mut6,脖,but6,阔,fut3,渤,but6,豁,kut3,,,,,,,,
335,yu,本地佬粤语正音: yu 韵篇,"呢 10 个 yu 韵常用字, 你平时有冇读错? 跟我一齐掌握标准粤拼! #粤语 #正音 #本地佬",#粤语 #正音 #本地佬 #Jyutping,于,jyu1,与,jyu5,予,jyu4,书,syu1,处,cyu5,主,zyu2,宁,cyu5,迂,jyu1,朱,zyu1,汝,jyu5
336,yu,本地佬粤语正音: yu 韵篇,"呢 10 个 yu 韵常用字, 你平时有冇读错? 跟我一齐掌握标准粤拼! #粤语 #正音 #本地佬",#粤语 #正音 #本地佬 #Jyutping,宇,jyu5,如,jyu4,羽,jyu5,抒,syu1,住,zyu6,余,jyu4,拄,zyu2,枢,syu1,雨,jyu5,贮,cyu5
337,yu,本地佬粤语正音: yu 韵篇,"呢 10 个 yu 韵常用字, 你平时有冇读错? 跟我一齐掌握标准粤拼! #粤语 #正音 #本地佬",#粤语 #正音 #本地佬 #Jyutping,乳,jyu5,鱼,jyu4,注,zyu3,驻,zyu3,柱,cyu5,树,syu6,竖,syu6,禹,jyu5,语,jyu5,珠,zyu1
338,yu,本地佬粤语正音: yu 韵篇,"呢 10 个 yu 韵常用字, 你平时有冇读错? 跟我一齐掌握标准粤拼! #粤语 #正音 #本地佬",#粤语 #正音 #本地佬 #Jyutping,株,zyu1,殊,syu4,诸,zyu1,娱,jyu4,恕,syu3,预,jyu6,酗,jyu3,蛀,zyu3,猪,zyu1,庶,syu3
339,yu,本地佬粤语正音: yu 韵篇,"呢 10 个 yu 韵常用字, 你平时有冇读错? 跟我一齐掌握标准粤拼! #粤语 #正音 #本地佬",#粤语 #正音 #本地佬 #Jyutping,渔,jyu4,淤,jyu2,隅,jyu4,煮,zyu2,厨,cyu4,暑,syu2,遇,jyu6,蛛,zyu1,喻,jyu6,铸,zyu3
340,yu,本地佬粤语正音: yu 韵篇,"呢 10 个 yu 韵常用字, 你平时有冇读错? 跟我一齐掌握标准粤拼! #粤语 #正音 #本地佬",#粤语 #正音 #本地佬 #Jyutping,储,cyu5,御,jyu6,舒,syu1,逾,jyu4,渝,jyu4,愉,jyu4,寓,jyu6,裕,jyu6,榆,jyu4,输,syu1
341,yu,本地佬粤语正音: yu 韵篇,"呢 10 个 yu 韵常用字, 你平时有冇读错? 跟我一齐掌握标准粤拼! #粤语 #正音 #本地佬",#粤语 #正音 #本地佬 #Jyutping,愚,jyu4,署,cyu5,鼠,syu2,愈,jyu6,誉,jyu6,舆,jyu4,豫,jyu6,薯,syu4,橱,cyu4,儒,jyu4
342,yun,本地佬粤语正音: yun 韵篇,"呢 10 个 yun 韵常用字, 你平时有冇读错? 跟我一齐掌握标准粤拼! #粤语 #正音 #本地佬",#粤语 #正音 #本地佬 #Jyutping,寸,cyun3,川,cyun1,丸,jyun2,元,jyun4,专,zyun1,犬,hyun2,屯,tyun4,劝,hyun3,玄,jyun4,权,kyun4
343,yun,本地佬粤语正音: yun 韵篇,"呢 10 个 yun 韵常用字, 你平时有冇读错? 跟我一齐掌握标准粤拼! #粤语 #正音 #本地佬",#粤语 #正音 #本地佬 #Jyutping,存,cyun4,团,tyun4,传,cyun4,全,cyun4,孙,syun1,远,jyun5,村,cyun1,县,jyun6,园,jyun4,串,cyun3
344,yun,本地佬粤语正音: yun 韵篇,"呢 10 个 yun 韵常用字, 你平时有冇读错? 跟我一齐掌握标准粤拼! #粤语 #正音 #本地佬",#粤语 #正音 #本地佬 #Jyutping,员,jyun4,囤,tyun4,吮,syun5,乱,lyun6,完,jyun4,苑,jyun2,转,zyun2,软,jyun5,券,hyun3,卷,gyun2
345,yun,本地佬粤语正音: yun 韵篇,"呢 10 个 yun 韵常用字, 你平时有冇读错? 跟我一齐掌握标准粤拼! #粤语 #正音 #本地佬",#粤语 #正音 #本地佬 #Jyutping,沿,jyun4,宛,jyun2,砖,zyun1,选,syun2,段,dyun6,泉,cyun4,怨,jyun3,峦,lyun4,炫,jyun6,宣,syun1
346,yun,本地佬粤语正音: yun 韵篇,"呢 10 个 yun 韵常用字, 你平时有冇读错? 跟我一齐掌握标准粤拼! #粤语 #正音 #本地佬",#粤语 #正音 #本地佬 #Jyutping,穿,cyun1,院,jyun2,绚,hyun3,捐,gyun1,损,syun2,袁,jyun4,原,jyun4,圆,jyun4,钻,zyun3,铅,jyun4
347,yun,本地佬粤语正音: yun 韵篇,"呢 10 个 yun 韵常用字, 你平时有冇读错? 跟我一齐掌握标准粤拼! #粤语 #正音 #本地佬",#粤语 #正音 #本地佬 #Jyutping,倦,gyun6,鸳,jyun1,恋,lyun2,拳,kyun4,冤,jyun1,娟,gyun1,绢,gyun3,悬,jyun4,圈,hyun1,船,syun4
348,yun,本地佬粤语正音: yun 韵篇,"呢 10 个 yun 韵常用字, 你平时有冇读错? 跟我一齐掌握标准粤拼! #粤语 #正音 #本地佬",#粤语 #正音 #本地佬 #Jyutping,豚,tyun4,痊,cyun4,旋,syun4,眷,gyun3,断,dyun6,渊,jyun1,惋,jyun2,婉,jyun2,联,lyun4,鹃,gyun1
349,yun,本地佬粤语正音: yun 韵篇,"呢 10 个 yun 韵常用字, 你平时有冇读错? 跟我一齐掌握标准粤拼! #粤语 #正音 #本地佬",#粤语 #正音 #本地佬 #Jyutping,喘,cyun2,喧,hyun1,短,dyun2,尊,zyun1,渲,hyun1,窜,cyun2,缎,dyun6,缘,jyun4,蒜,syun3,暖,nyun5
350,yun,本地佬粤语正音: yun 韵篇,"呢 10 个 yun 韵常用字, 你平时有冇读错? 跟我一齐掌握标准粤拼! #粤语 #正音 #本地佬",#粤语 #正音 #本地佬 #Jyutping,猿,jyun4,源,jyun4,酸,syun1,愿,jyun6,锻,dyun3,算,syun3,端,dyun1,嫩,nyun6,臀,tyun4,,
351,yut,本地佬粤语正音: yut 韵篇,"呢 10 个 yut 韵常用字, 你平时有冇读错? 跟我一齐掌握标准粤拼! #粤语 #正音 #本地佬",#粤语 #正音 #本地佬 #Jyutping,乙,jyut3,月,jyut6,穴,jyut6,夺,dyut6,劣,lyut3,血,hyut3,决,kyut3,诀,kyut3,拙,zyut3,茁,zyut3
352,yut,本地佬粤语正音: yut 韵篇,"呢 10 个 yut 韵常用字, 你平时有冇读错? 跟我一齐掌握标准粤拼! #粤语 #正音 #本地佬",#粤语 #正音 #本地佬 #Jyutping,咄,zyut3,说,syut3,绝,zyut6,缺,kyut3,阅,jyut6,悦,jyut6,雪,syut3,脱,tyut3,越,jyut6,粤,jyut6
